-- phpMyAdmin SQL Dump
-- version 4.8.3
-- https://www.phpmyadmin.net/
--
-- Host: localhost:8889
-- Generation Time: Jan 07, 2020 at 09:25 AM
-- Server version: 5.7.23
-- PHP Version: 7.2.10

SET SQL_MODE = "NO_AUTO_VALUE_ON_ZERO";
SET time_zone = "+00:00";

--
-- Database: `fyp`
--

-- --------------------------------------------------------

--
-- Table structure for table `categories`
--

CREATE TABLE `categories` (
  `CategoryID` int(11) NOT NULL,
  `ParentID` int(11) NOT NULL,
  `Image` varchar(255) NOT NULL,
  `GoldImage` varchar(255) NOT NULL,
  `BackgroundImage` varchar(255) NOT NULL,
  `SortOrder` int(11) NOT NULL,
  `Hide` tinyint(4) NOT NULL,
  `IsActive` tinyint(4) NOT NULL,
  `CreatedAt` datetime NOT NULL,
  `UpdatedAt` datetime NOT NULL,
  `CreatedBy` int(11) NOT NULL,
  `UpdatedBy` int(11) NOT NULL
) ENGINE=InnoDB DEFAULT CHARSET=utf8;

--
-- Dumping data for table `categories`
--

INSERT INTO `categories` (`CategoryID`, `ParentID`, `Image`, `GoldImage`, `BackgroundImage`, `SortOrder`, `Hide`, `IsActive`, `CreatedAt`, `UpdatedAt`, `CreatedBy`, `UpdatedBy`) VALUES
(10, 425, '', '', '', 1, 0, 1, '2019-07-05 09:47:14', '2019-08-18 13:44:15', 1, 1),
(11, 425, '', '', '', 2, 0, 1, '2019-07-05 09:47:30', '2019-08-18 14:16:43', 1, 1),
(13, 427, 'uploads/images/1488576348520190723011412dennys_cheeseburger_hamburger_french_fries_coke-800w_600h.jpg', 'uploads/images/2348827815020190723011412dennys_cheeseburger_hamburger_french_fries_coke-800w_600h.jpg', 'uploads/images/1528514135320190723011412dennys_cheeseburger_hamburger_french_fries_coke-800w_600h.jpg', 1, 0, 1, '2019-07-23 13:12:14', '2019-08-18 15:14:22', 1, 1),
(422, 0, 'uploads/images/438929084120191117125418EDUCATION_CATEGORY.png', 'uploads/images/3594452470620190819014055orange_education.png', 'uploads/images/10489711671201908090514076945196519920190726125111Cat_Image__0002_Layer_7.jpg', 7, 0, 1, '2019-04-17 15:51:39', '2019-11-17 12:18:54', 1, 1),
(423, 0, 'uploads/images/6327986540620191117121118TRAVEL_CATEGORY.png', 'uploads/images/322946806420190819015954orange_travel.png', 'uploads/images/25870745095201908090509067006202444620190726120610Cat_Image__0003_Layer_6.jpg', 6, 0, 1, '2019-06-18 07:05:59', '2019-11-17 12:18:11', 1, 1),
(424, 0, 'uploads/images/42574990779201911171200112398889643420190819011756orange_services.png', 'uploads/images/2398889643420190819011756orange_services.png', 'uploads/images/33276899001201908090507079029556104520190726120812Cat_Image__0001_Layer_8.jpg', 8, 0, 1, '2019-06-18 07:05:22', '2019-11-17 12:11:00', 1, 1),
(425, 0, 'uploads/images/3554765696020191117111550gold-food.png', 'uploads/images/3483033653220190819014952orange_food.png', 'uploads/images/32931615107201908090557045684694642320190726121608Cat_Image__0008_Layer_1.jpg', 1, 0, 1, '2019-04-17 15:51:57', '2019-11-17 11:50:15', 1, 1),
(426, 0, 'uploads/images/88951638724201911171201105487037996220190819025706gold_professional.png', 'uploads/images/5487037996220190819025706gold_professional.png', 'uploads/images/70335053164201908090559067391612541120190726122412Cat_Image__0000_Layer_9.jpg', 9, 0, 1, '2019-06-18 07:04:45', '2019-11-17 12:10:01', 1, 1),
(427, 0, 'uploads/images/4168681812420191117122217LESIURE_CATEGORY.png', 'uploads/images/8914350087520190819013854orange_lesiure.png', 'uploads/images/97933802903201908090558058345743126020190726122409Cat_Image__0004_Layer_5.jpg', 5, 0, 1, '2019-06-18 07:04:09', '2019-11-17 12:17:22', 1, 1),
(428, 0, 'uploads/images/5258923376720191117124313health_category.png', 'uploads/images/3481487863220190819014553orange_health.png', 'uploads/images/86524714910201908090535053809823428720190726124508Cat_Image__0006_Layer_3.jpg', 2, 0, 1, '2019-04-30 10:51:30', '2019-11-17 12:13:43', 1, 1),
(429, 0, 'uploads/images/9040810210220191117123411beauty_category.png', 'uploads/images/1581280399720190819011053orange_beauty.png', 'uploads/images/50557580861201908090526052387589233620190726123008Cat_Image__0007_Layer_2.jpg', 2, 0, 1, '2019-04-17 15:51:09', '2019-11-17 12:11:49', 1, 1),
(432, 0, 'uploads/images/1202096463620191117121016SHOPPING_CATEOGRY.png', 'uploads/images/3910816099020190819011854orange_shopping.png', 'uploads/images/3491474016201908090547052874264104020190726121109Cat_Image__0005_Layer_4.jpg', 4, 0, 1, '2019-06-18 07:05:43', '2019-11-17 12:16:10', 1, 1),
(433, 425, '', '', '', 3, 0, 1, '2019-08-18 14:01:28', '2019-08-18 14:01:28', 1, 1),
(434, 429, '', '', '', 1, 0, 1, '2019-08-18 14:23:59', '2019-08-18 14:24:43', 1, 1),
(435, 429, '', '', '', 2, 0, 1, '2019-08-18 14:25:24', '2019-08-18 14:25:24', 1, 1),
(436, 428, '', '', '', 1, 0, 1, '2019-08-18 14:32:11', '2019-08-18 14:32:11', 1, 1),
(437, 428, '', '', '', 2, 0, 1, '2019-08-18 14:35:46', '2019-08-18 14:35:46', 1, 1),
(438, 428, '', '', '', 3, 0, 1, '2019-08-18 14:37:38', '2019-08-18 14:39:09', 1, 1),
(439, 432, '', '', '', 1, 0, 1, '2019-08-18 14:46:47', '2019-08-18 14:46:47', 1, 1),
(440, 432, '', '', '', 2, 0, 1, '2019-08-18 15:08:03', '2019-08-18 15:08:03', 1, 1),
(441, 432, '', '', '', 3, 0, 1, '2019-08-18 15:11:50', '2019-08-18 15:11:50', 1, 1),
(442, 427, '', '', '', 2, 0, 1, '2019-08-18 15:15:10', '2019-08-18 15:15:10', 1, 1),
(443, 423, '', '', '', 1, 0, 1, '2019-08-18 15:19:27', '2019-08-18 15:19:27', 1, 1),
(444, 423, '', '', '', 2, 0, 1, '2019-08-18 15:22:49', '2019-08-18 15:22:49', 1, 1),
(445, 422, '', '', '', 1, 0, 1, '2019-08-18 15:28:17', '2019-08-18 15:28:17', 1, 1),
(446, 422, '', '', '', 2, 0, 1, '2019-08-18 15:31:35', '2019-08-18 15:31:35', 1, 1),
(447, 424, '', '', '', 1, 0, 1, '2019-08-18 15:34:28', '2019-08-18 15:34:28', 1, 1),
(448, 424, '', '', '', 2, 0, 1, '2019-08-18 15:37:25', '2019-08-18 15:37:25', 1, 1),
(449, 424, '', '', '', 3, 0, 1, '2019-08-18 15:38:27', '2019-08-18 15:38:27', 1, 1);

-- --------------------------------------------------------

--
-- Table structure for table `categories_text`
--

CREATE TABLE `categories_text` (
  `CategoryTextID` int(11) NOT NULL,
  `CategoryID` int(11) NOT NULL,
  `Title` varchar(255) NOT NULL,
  `SystemLanguageID` int(11) NOT NULL,
  `CreatedAt` datetime NOT NULL,
  `UpdatedAt` datetime NOT NULL,
  `CreatedBy` int(11) NOT NULL,
  `UpdatedBy` int(11) NOT NULL
) ENGINE=InnoDB DEFAULT CHARSET=utf8;

--
-- Dumping data for table `categories_text`
--

INSERT INTO `categories_text` (`CategoryTextID`, `CategoryID`, `Title`, `SystemLanguageID`, `CreatedAt`, `UpdatedAt`, `CreatedBy`, `UpdatedBy`) VALUES
(1, 429, 'BEAUTY', 1, '2019-04-17 15:51:09', '2019-11-17 12:11:49', 1, 1),
(2, 429, 'تجميل', 2, '2019-04-17 15:51:09', '2019-08-29 11:10:40', 1, 1),
(3, 422, 'EDUCATION', 1, '2019-04-17 15:51:39', '2019-11-17 12:18:54', 1, 1),
(4, 422, 'تعليم', 2, '2019-04-17 15:51:39', '2019-08-23 16:02:29', 1, 1),
(5, 425, 'FOOD', 1, '2019-04-17 15:51:57', '2019-11-17 11:50:15', 1, 1),
(6, 425, 'مطاعم', 2, '2019-04-17 15:51:57', '2019-08-29 11:09:06', 1, 1),
(45, 428, 'HEALTH', 1, '2019-04-30 10:51:30', '2019-11-17 12:13:43', 1, 1),
(46, 428, 'صحة', 2, '2019-04-30 10:51:30', '2019-08-29 11:10:56', 1, 1),
(49, 427, 'LEISURE', 1, '2019-06-18 07:04:09', '2019-11-17 12:17:22', 1, 1),
(50, 427, 'ترفيه', 2, '2019-06-18 07:04:09', '2019-08-29 11:11:25', 1, 1),
(51, 426, 'PROFESSIONAL', 1, '2019-06-18 07:04:45', '2019-11-17 12:10:01', 1, 1),
(52, 426, 'أعمال', 2, '2019-06-18 07:04:45', '2019-08-29 11:11:56', 1, 1),
(53, 424, 'SERVICES', 1, '2019-06-18 07:05:22', '2019-11-17 12:11:00', 1, 1),
(54, 424, 'خدمات', 2, '2019-06-18 07:05:22', '2019-08-23 16:03:04', 1, 1),
(55, 432, 'SHOPPING', 1, '2019-06-18 07:05:43', '2019-11-17 12:16:10', 1, 1),
(56, 432, 'التسوق', 2, '2019-06-18 07:05:43', '2019-08-02 06:26:16', 1, 1),
(57, 423, 'TRAVEL', 1, '2019-06-18 07:05:59', '2019-11-17 12:18:11', 1, 1),
(58, 423, 'سفر', 2, '2019-06-18 07:05:59', '2019-08-17 16:31:02', 1, 1),
(59, 10, 'Restaurants', 1, '2019-07-05 09:47:14', '2019-08-18 13:44:15', 1, 1),
(60, 10, 'مطاعم', 2, '2019-07-05 09:47:14', '2019-08-18 13:43:07', 1, 1),
(61, 11, 'Cafes', 1, '2019-07-05 09:47:30', '2019-08-18 14:16:43', 1, 1),
(62, 11, 'كافيهات', 2, '2019-07-05 09:47:30', '2019-08-18 14:15:42', 1, 1),
(65, 13, 'Activities', 1, '2019-07-23 13:12:14', '2019-08-18 15:14:22', 1, 1),
(66, 13, 'أنشطة', 2, '2019-07-23 13:12:14', '2019-08-18 15:14:43', 1, 1),
(67, 433, 'Desserts', 1, '2019-08-18 14:01:28', '2019-08-18 14:01:28', 1, 1),
(68, 433, 'حلويات', 2, '2019-08-18 14:01:28', '2019-08-18 14:03:28', 1, 1),
(69, 434, 'For Her', 1, '2019-08-18 14:23:59', '2019-08-18 14:24:43', 1, 1),
(70, 434, 'للسيدات', 2, '2019-08-18 14:23:59', '2019-08-18 14:24:33', 1, 1),
(71, 435, 'For Him', 1, '2019-08-18 14:25:24', '2019-08-18 14:25:24', 1, 1),
(72, 435, 'للرجال', 2, '2019-08-18 14:25:24', '2019-08-18 14:25:51', 1, 1),
(73, 436, 'Clinics', 1, '2019-08-18 14:32:11', '2019-08-18 14:32:11', 1, 1),
(74, 436, 'عيادات', 2, '2019-08-18 14:32:11', '2019-08-18 14:34:59', 1, 1),
(75, 437, 'Pharmacies', 1, '2019-08-18 14:35:46', '2019-08-18 14:35:46', 1, 1),
(76, 437, 'صيدليات', 2, '2019-08-18 14:35:46', '2019-08-18 14:36:10', 1, 1),
(77, 438, 'Gym', 1, '2019-08-18 14:37:38', '2019-08-18 14:39:09', 1, 1),
(78, 438, 'أندية رياضية', 2, '2019-08-18 14:37:38', '2019-08-18 14:38:53', 1, 1),
(79, 439, 'Clothing', 1, '2019-08-18 14:46:47', '2019-08-18 14:46:47', 1, 1),
(80, 439, 'ملابس', 2, '2019-08-18 14:46:47', '2019-08-18 14:47:32', 1, 1),
(81, 440, 'Accessories', 1, '2019-08-18 15:08:03', '2019-08-18 15:08:03', 1, 1),
(82, 440, 'اكسسورات', 2, '2019-08-18 15:08:03', '2019-08-18 15:10:42', 1, 1),
(83, 441, 'Furniture', 1, '2019-08-18 15:11:50', '2019-08-18 15:11:50', 1, 1),
(84, 441, 'مفروشات', 2, '2019-08-18 15:11:50', '2019-08-18 15:12:12', 1, 1),
(85, 442, 'Resorts', 1, '2019-08-18 15:15:10', '2019-08-18 15:15:10', 1, 1),
(86, 442, 'شاليهات', 2, '2019-08-18 15:15:10', '2019-08-18 15:15:39', 1, 1),
(87, 443, 'Hotels', 1, '2019-08-18 15:19:27', '2019-08-18 15:19:27', 1, 1),
(88, 443, 'فنادق', 2, '2019-08-18 15:19:27', '2019-08-18 15:20:01', 1, 1),
(89, 444, 'Travel Agency', 1, '2019-08-18 15:22:49', '2019-08-18 15:22:49', 1, 1),
(90, 444, 'مكاتب سياحية', 2, '2019-08-18 15:22:49', '2019-08-18 15:24:40', 1, 1),
(91, 445, 'Courses', 1, '2019-08-18 15:28:17', '2019-08-18 15:28:17', 1, 1),
(92, 445, 'دورات', 2, '2019-08-18 15:28:17', '2019-08-18 15:28:41', 1, 1),
(93, 446, 'Libraries', 1, '2019-08-18 15:31:35', '2019-08-18 15:31:35', 1, 1),
(94, 446, 'مكتبات', 2, '2019-08-18 15:31:35', '2019-08-18 15:32:12', 1, 1),
(95, 447, 'Car Service', 1, '2019-08-18 15:34:28', '2019-08-18 15:34:28', 1, 1),
(96, 447, 'خدمات سيارات', 2, '2019-08-18 15:34:28', '2019-08-18 15:35:08', 1, 1),
(97, 448, 'Party Decorations', 1, '2019-08-18 15:37:25', '2019-08-18 15:37:25', 1, 1),
(98, 448, 'تجهيزات الحفلات', 2, '2019-08-18 15:37:25', '2019-08-18 15:37:49', 1, 1),
(99, 449, 'Home Service', 1, '2019-08-18 15:38:27', '2019-08-18 15:38:27', 1, 1),
(100, 449, 'خدمات المنزل', 2, '2019-08-18 15:38:27', '2019-08-18 15:39:25', 1, 1);

-- --------------------------------------------------------

--
-- Table structure for table `cities`
--

CREATE TABLE `cities` (
  `CityID` int(11) NOT NULL,
  `CityPlaceID` varchar(255) NOT NULL,
  `CityLat` double NOT NULL,
  `CityLong` double NOT NULL,
  `CountryLongName` varchar(255) NOT NULL,
  `CountryShortName` varchar(255) NOT NULL,
  `Currency` varchar(255) NOT NULL,
  `CurrencySymbol` varchar(255) NOT NULL,
  `SortOrder` int(11) NOT NULL,
  `Hide` tinyint(4) NOT NULL,
  `IsActive` tinyint(4) NOT NULL,
  `CreatedAt` datetime NOT NULL,
  `UpdatedAt` datetime NOT NULL,
  `CreatedBy` int(11) NOT NULL,
  `UpdatedBy` int(11) NOT NULL
) ENGINE=InnoDB DEFAULT CHARSET=utf8;

-- --------------------------------------------------------

--
-- Table structure for table `cities_text`
--

CREATE TABLE `cities_text` (
  `CityTextID` int(11) NOT NULL,
  `CityID` int(11) NOT NULL,
  `Title` varchar(255) NOT NULL,
  `SystemLanguageID` int(11) NOT NULL,
  `CreatedAt` datetime NOT NULL,
  `UpdatedAt` datetime NOT NULL,
  `CreatedBy` int(11) NOT NULL,
  `UpdatedBy` int(11) NOT NULL
) ENGINE=InnoDB DEFAULT CHARSET=utf8;

-- --------------------------------------------------------

--
-- Table structure for table `classes`
--

CREATE TABLE `classes` (
  `ClassID` int(11) NOT NULL,
  `Title` varchar(255) NOT NULL,
  `ProgramID` int(11) NOT NULL,
  `SortOrder` int(11) NOT NULL,
  `Hide` tinyint(4) NOT NULL,
  `IsActive` tinyint(4) NOT NULL,
  `CreatedAt` datetime NOT NULL,
  `UpdatedAt` datetime NOT NULL,
  `CreatedBy` int(11) NOT NULL,
  `UpdatedBy` int(11) NOT NULL
) ENGINE=InnoDB DEFAULT CHARSET=utf8;

--
-- Dumping data for table `classes`
--

INSERT INTO `classes` (`ClassID`, `Title`, `ProgramID`, `SortOrder`, `Hide`, `IsActive`, `CreatedAt`, `UpdatedAt`, `CreatedBy`, `UpdatedBy`) VALUES
(1, 'BSCS', 1, 0, 0, 1, '2019-12-19 06:24:37', '2019-12-19 06:24:37', 1, 1),
(2, 'MCS', 1, 1, 0, 1, '2019-12-19 06:28:45', '2019-12-19 06:28:45', 1, 1);

-- --------------------------------------------------------

--
-- Table structure for table `countries`
--

CREATE TABLE `countries` (
  `CountryID` int(11) NOT NULL,
  `CountryCode` varchar(50) NOT NULL,
  `SortOrder` int(11) NOT NULL,
  `Hide` tinyint(4) NOT NULL,
  `IsActive` tinyint(4) NOT NULL,
  `CreatedAt` datetime NOT NULL,
  `UpdatedAt` datetime NOT NULL,
  `CreatedBy` int(11) NOT NULL,
  `UpdatedBy` int(11) NOT NULL
) ENGINE=InnoDB DEFAULT CHARSET=utf8;

--
-- Dumping data for table `countries`
--

INSERT INTO `countries` (`CountryID`, `CountryCode`, `SortOrder`, `Hide`, `IsActive`, `CreatedAt`, `UpdatedAt`, `CreatedBy`, `UpdatedBy`) VALUES
(1, 'PK', 0, 0, 1, '2018-10-03 22:17:19', '2018-10-03 22:17:19', 1, 1);

-- --------------------------------------------------------

--
-- Table structure for table `countries_text`
--

CREATE TABLE `countries_text` (
  `CountryTextID` int(11) NOT NULL,
  `CountryID` int(11) NOT NULL,
  `Title` varchar(255) NOT NULL,
  `SystemLanguageID` int(11) NOT NULL,
  `CreatedAt` datetime NOT NULL,
  `UpdatedAt` datetime NOT NULL,
  `CreatedBy` int(11) NOT NULL,
  `UpdatedBy` int(11) NOT NULL
) ENGINE=InnoDB DEFAULT CHARSET=utf8;

--
-- Dumping data for table `countries_text`
--

INSERT INTO `countries_text` (`CountryTextID`, `CountryID`, `Title`, `SystemLanguageID`, `CreatedAt`, `UpdatedAt`, `CreatedBy`, `UpdatedBy`) VALUES
(1, 1, 'Pakistan', 1, '2018-10-03 22:17:19', '2018-10-03 22:17:19', 1, 1);

-- --------------------------------------------------------

--
-- Table structure for table `departments`
--

CREATE TABLE `departments` (
  `DepartmentID` int(11) NOT NULL,
  `Title` varchar(255) NOT NULL,
  `SortOrder` int(11) NOT NULL,
  `Hide` tinyint(4) NOT NULL,
  `IsActive` tinyint(4) NOT NULL,
  `CreatedAt` datetime NOT NULL,
  `UpdatedAt` datetime NOT NULL,
  `CreatedBy` int(11) NOT NULL,
  `UpdatedBy` int(11) NOT NULL
) ENGINE=InnoDB DEFAULT CHARSET=utf8;

--
-- Dumping data for table `departments`
--

INSERT INTO `departments` (`DepartmentID`, `Title`, `SortOrder`, `Hide`, `IsActive`, `CreatedAt`, `UpdatedAt`, `CreatedBy`, `UpdatedBy`) VALUES
(1, 'Computer Science', 0, 0, 1, '2019-12-19 04:39:20', '2019-12-19 04:39:20', 1, 1),
(2, 'Data Science', 1, 0, 1, '2019-12-19 04:39:30', '2019-12-19 04:39:30', 1, 1);

-- --------------------------------------------------------

--
-- Table structure for table `districts`
--

CREATE TABLE `districts` (
  `DistrictID` int(11) NOT NULL,
  `CityID` int(11) NOT NULL,
  `SortOrder` int(11) NOT NULL,
  `Hide` tinyint(4) NOT NULL,
  `IsActive` tinyint(4) NOT NULL,
  `CreatedAt` datetime NOT NULL,
  `UpdatedAt` datetime NOT NULL,
  `CreatedBy` int(11) NOT NULL,
  `UpdatedBy` int(11) NOT NULL
) ENGINE=InnoDB DEFAULT CHARSET=utf8;

--
-- Dumping data for table `districts`
--

INSERT INTO `districts` (`DistrictID`, `CityID`, `SortOrder`, `Hide`, `IsActive`, `CreatedAt`, `UpdatedAt`, `CreatedBy`, `UpdatedBy`) VALUES
(1388, 1342, 0, 0, 1, '2017-12-07 18:21:42', '0000-00-00 00:00:00', 1, 1),
(1389, 1338, 0, 0, 1, '2017-12-07 18:21:42', '0000-00-00 00:00:00', 1, 1),
(1390, 1338, 0, 0, 1, '2017-12-07 18:21:42', '0000-00-00 00:00:00', 1, 1),
(1391, 1358, 0, 0, 1, '2017-12-07 18:21:42', '0000-00-00 00:00:00', 1, 1),
(1392, 1381, 0, 0, 1, '2017-12-07 18:21:42', '0000-00-00 00:00:00', 1, 1),
(1393, 1338, 0, 0, 1, '2017-12-07 18:21:42', '0000-00-00 00:00:00', 1, 1),
(1395, 1344, 0, 0, 1, '2017-12-07 18:21:42', '0000-00-00 00:00:00', 1, 1),
(49607, 1340, 0, 0, 1, '2017-10-18 18:05:29', '0000-00-00 00:00:00', 1, 1),
(49608, 1337, 0, 0, 1, '2017-10-18 18:05:29', '0000-00-00 00:00:00', 1, 1),
(49609, 1340, 0, 0, 1, '2017-10-18 18:05:29', '0000-00-00 00:00:00', 1, 1),
(49610, 1340, 0, 0, 1, '2017-10-18 18:05:29', '0000-00-00 00:00:00', 1, 1),
(49611, 1345, 0, 0, 1, '2017-10-18 18:05:29', '0000-00-00 00:00:00', 1, 1),
(49612, 1345, 0, 0, 1, '2017-10-18 18:05:29', '0000-00-00 00:00:00', 1, 1),
(49613, 1337, 0, 0, 1, '2017-10-18 18:05:29', '0000-00-00 00:00:00', 1, 1),
(49614, 1344, 0, 0, 1, '2017-10-18 18:05:29', '0000-00-00 00:00:00', 1, 1),
(49615, 1338, 0, 0, 1, '2017-10-18 18:05:29', '0000-00-00 00:00:00', 1, 1),
(49616, 1337, 0, 0, 1, '2017-10-18 18:05:29', '0000-00-00 00:00:00', 1, 1),
(49617, 1349, 0, 0, 1, '2017-10-18 18:05:29', '0000-00-00 00:00:00', 1, 1),
(49618, 1338, 0, 0, 1, '2017-10-18 18:05:29', '0000-00-00 00:00:00', 1, 1),
(49619, 1340, 0, 0, 1, '2017-10-18 18:05:29', '0000-00-00 00:00:00', 1, 1),
(49620, 1340, 0, 0, 1, '2017-10-18 18:05:29', '0000-00-00 00:00:00', 1, 1),
(49621, 1345, 0, 0, 1, '2017-10-18 18:05:29', '0000-00-00 00:00:00', 1, 1),
(49622, 1338, 0, 0, 1, '2017-10-18 18:05:29', '0000-00-00 00:00:00', 1, 1),
(49623, 1338, 0, 0, 1, '2017-10-18 18:05:29', '0000-00-00 00:00:00', 1, 1),
(49624, 1345, 0, 0, 1, '2017-10-18 18:05:29', '0000-00-00 00:00:00', 1, 1),
(49625, 1338, 0, 0, 1, '2017-10-18 18:05:29', '0000-00-00 00:00:00', 1, 1),
(49626, 1337, 0, 0, 1, '2017-10-18 18:05:29', '0000-00-00 00:00:00', 1, 1),
(49627, 1337, 0, 0, 1, '2017-10-18 18:05:29', '0000-00-00 00:00:00', 1, 1),
(49628, 1337, 0, 0, 1, '2017-10-18 18:05:29', '0000-00-00 00:00:00', 1, 1),
(49629, 1337, 0, 0, 1, '2017-10-18 18:05:29', '0000-00-00 00:00:00', 1, 1),
(49630, 1337, 0, 0, 1, '2017-10-18 18:05:29', '0000-00-00 00:00:00', 1, 1),
(49631, 1337, 0, 0, 1, '2017-10-18 18:05:29', '0000-00-00 00:00:00', 1, 1),
(49632, 1337, 0, 0, 1, '2017-10-18 18:05:29', '0000-00-00 00:00:00', 1, 1),
(49633, 1337, 0, 0, 1, '2017-10-18 18:05:29', '0000-00-00 00:00:00', 1, 1),
(49634, 1337, 0, 0, 1, '2017-10-18 18:05:29', '0000-00-00 00:00:00', 1, 1),
(49635, 1337, 0, 0, 1, '2017-10-18 18:05:29', '0000-00-00 00:00:00', 1, 1),
(49636, 1338, 0, 0, 1, '2017-10-18 18:05:29', '0000-00-00 00:00:00', 1, 1),
(49637, 1337, 0, 0, 1, '2017-10-18 18:05:29', '0000-00-00 00:00:00', 1, 1),
(49638, 1337, 0, 0, 1, '2017-10-18 18:05:29', '0000-00-00 00:00:00', 1, 1),
(49639, 1337, 0, 0, 1, '2017-10-18 18:05:29', '0000-00-00 00:00:00', 1, 1),
(49640, 1337, 0, 0, 1, '2017-10-18 18:05:29', '0000-00-00 00:00:00', 1, 1),
(49641, 1337, 0, 0, 1, '2017-10-18 18:05:29', '0000-00-00 00:00:00', 1, 1),
(49642, 1337, 0, 0, 1, '2017-10-18 18:05:29', '0000-00-00 00:00:00', 1, 1),
(49643, 1337, 0, 0, 1, '2017-10-18 18:05:29', '0000-00-00 00:00:00', 1, 1),
(49644, 1337, 0, 0, 1, '2017-10-18 18:05:29', '0000-00-00 00:00:00', 1, 1),
(49645, 1337, 0, 0, 1, '2017-10-18 18:05:29', '0000-00-00 00:00:00', 1, 1),
(49646, 1337, 0, 0, 1, '2017-10-18 18:05:29', '0000-00-00 00:00:00', 1, 1),
(49647, 1345, 0, 0, 1, '2017-10-18 18:05:29', '0000-00-00 00:00:00', 1, 1),
(49648, 1338, 0, 0, 1, '2017-10-18 18:05:29', '0000-00-00 00:00:00', 1, 1),
(49649, 1337, 0, 0, 1, '2017-10-18 18:05:29', '0000-00-00 00:00:00', 1, 1),
(49650, 1337, 0, 0, 1, '2017-10-18 18:05:29', '0000-00-00 00:00:00', 1, 1),
(49651, 1337, 0, 0, 1, '2017-10-18 18:05:29', '0000-00-00 00:00:00', 1, 1),
(49652, 1337, 0, 0, 1, '2017-10-18 18:05:29', '0000-00-00 00:00:00', 1, 1),
(49653, 1337, 0, 0, 1, '2017-10-18 18:05:29', '0000-00-00 00:00:00', 1, 1),
(49654, 1337, 0, 0, 1, '2017-10-18 18:05:29', '0000-00-00 00:00:00', 1, 1),
(49655, 1337, 0, 0, 1, '2017-10-18 18:05:29', '0000-00-00 00:00:00', 1, 1),
(49656, 1337, 0, 0, 1, '2017-10-18 18:05:29', '0000-00-00 00:00:00', 1, 1),
(49657, 1338, 0, 0, 1, '2017-10-18 18:05:29', '0000-00-00 00:00:00', 1, 1),
(49658, 1337, 0, 0, 1, '2017-10-18 18:05:29', '0000-00-00 00:00:00', 1, 1),
(49659, 1344, 0, 0, 1, '2017-10-18 18:05:29', '0000-00-00 00:00:00', 1, 1),
(49660, 1337, 0, 0, 1, '2017-10-18 18:05:29', '0000-00-00 00:00:00', 1, 1),
(49661, 1338, 0, 0, 1, '2017-10-18 18:05:29', '0000-00-00 00:00:00', 1, 1),
(49662, 1337, 0, 0, 1, '2017-10-18 18:05:29', '0000-00-00 00:00:00', 1, 1),
(49663, 1337, 0, 0, 1, '2017-10-18 18:05:29', '0000-00-00 00:00:00', 1, 1),
(49664, 1337, 0, 0, 1, '2017-10-18 18:05:29', '0000-00-00 00:00:00', 1, 1),
(49665, 1337, 0, 0, 1, '2017-10-18 18:05:29', '0000-00-00 00:00:00', 1, 1),
(49666, 1337, 0, 0, 1, '2017-10-18 18:05:29', '0000-00-00 00:00:00', 1, 1),
(49667, 1337, 0, 0, 1, '2017-10-18 18:05:29', '0000-00-00 00:00:00', 1, 1),
(49668, 1337, 0, 0, 1, '2017-10-18 18:05:29', '0000-00-00 00:00:00', 1, 1),
(49669, 1337, 0, 0, 1, '2017-10-18 18:05:29', '0000-00-00 00:00:00', 1, 1),
(49670, 1337, 0, 0, 1, '2017-10-18 18:05:29', '0000-00-00 00:00:00', 1, 1),
(49671, 1338, 0, 0, 1, '2017-10-18 18:05:29', '0000-00-00 00:00:00', 1, 1),
(49672, 1337, 0, 0, 1, '2017-10-18 18:05:29', '0000-00-00 00:00:00', 1, 1),
(49673, 1337, 0, 0, 1, '2017-10-18 18:05:29', '0000-00-00 00:00:00', 1, 1),
(49674, 1337, 0, 0, 1, '2017-10-18 18:05:29', '0000-00-00 00:00:00', 1, 1),
(49675, 1337, 0, 0, 1, '2017-10-18 18:05:29', '0000-00-00 00:00:00', 1, 1),
(49676, 1337, 0, 0, 1, '2017-10-18 18:05:29', '0000-00-00 00:00:00', 1, 1),
(49677, 1337, 0, 0, 1, '2017-10-18 18:05:29', '0000-00-00 00:00:00', 1, 1),
(49678, 1337, 0, 0, 1, '2017-10-18 18:05:29', '0000-00-00 00:00:00', 1, 1),
(49679, 1338, 0, 0, 1, '2017-10-18 18:05:29', '0000-00-00 00:00:00', 1, 1),
(49680, 1337, 0, 0, 1, '2017-10-18 18:05:29', '0000-00-00 00:00:00', 1, 1),
(49681, 1337, 0, 0, 1, '2017-10-18 18:05:29', '0000-00-00 00:00:00', 1, 1),
(49682, 1338, 0, 0, 1, '2017-10-18 18:05:29', '0000-00-00 00:00:00', 1, 1),
(49683, 1337, 0, 0, 1, '2017-10-18 18:05:29', '0000-00-00 00:00:00', 1, 1),
(49684, 1337, 0, 0, 1, '2017-10-18 18:05:29', '0000-00-00 00:00:00', 1, 1),
(49685, 1337, 0, 0, 1, '2017-10-18 18:05:29', '0000-00-00 00:00:00', 1, 1),
(49686, 1337, 0, 0, 1, '2017-10-18 18:05:29', '0000-00-00 00:00:00', 1, 1),
(49687, 1337, 0, 0, 1, '2017-10-18 18:05:29', '0000-00-00 00:00:00', 1, 1),
(49688, 1337, 0, 0, 1, '2017-10-18 18:05:29', '0000-00-00 00:00:00', 1, 1),
(49689, 1337, 0, 0, 1, '2017-10-18 18:05:30', '0000-00-00 00:00:00', 1, 1),
(49690, 1337, 0, 0, 1, '2017-10-18 18:05:30', '0000-00-00 00:00:00', 1, 1),
(49691, 1337, 0, 0, 1, '2017-10-18 18:05:30', '0000-00-00 00:00:00', 1, 1),
(49692, 1338, 0, 0, 1, '2017-10-18 18:05:30', '0000-00-00 00:00:00', 1, 1),
(49693, 1337, 0, 0, 1, '2017-10-18 18:05:30', '0000-00-00 00:00:00', 1, 1),
(49694, 1338, 0, 0, 1, '2017-10-18 18:05:30', '0000-00-00 00:00:00', 1, 1),
(49695, 1337, 0, 0, 1, '2017-10-18 18:05:30', '0000-00-00 00:00:00', 1, 1),
(49696, 1337, 0, 0, 1, '2017-10-18 18:05:30', '0000-00-00 00:00:00', 1, 1),
(49697, 1337, 0, 0, 1, '2017-10-18 18:05:30', '0000-00-00 00:00:00', 1, 1),
(49698, 1337, 0, 0, 1, '2017-10-18 18:05:30', '0000-00-00 00:00:00', 1, 1),
(49699, 1337, 0, 0, 1, '2017-10-18 18:05:30', '0000-00-00 00:00:00', 1, 1),
(49700, 1337, 0, 0, 1, '2017-10-18 18:05:30', '0000-00-00 00:00:00', 1, 1),
(49701, 1337, 0, 0, 1, '2017-10-18 18:05:30', '0000-00-00 00:00:00', 1, 1),
(49702, 1337, 0, 0, 1, '2017-10-18 18:05:30', '0000-00-00 00:00:00', 1, 1),
(49703, 1337, 0, 0, 1, '2017-10-18 18:05:30', '0000-00-00 00:00:00', 1, 1),
(49704, 1337, 0, 0, 1, '2017-10-18 18:05:30', '0000-00-00 00:00:00', 1, 1),
(49705, 1338, 0, 0, 1, '2017-10-18 18:05:30', '0000-00-00 00:00:00', 1, 1),
(49706, 1337, 0, 0, 1, '2017-10-18 18:05:30', '0000-00-00 00:00:00', 1, 1),
(49707, 1337, 0, 0, 1, '2017-10-18 18:05:30', '0000-00-00 00:00:00', 1, 1),
(49708, 1338, 0, 0, 1, '2017-10-18 18:05:30', '0000-00-00 00:00:00', 1, 1),
(49709, 1337, 0, 0, 1, '2017-10-18 18:05:30', '0000-00-00 00:00:00', 1, 1),
(49710, 1338, 0, 0, 1, '2017-10-18 18:05:30', '0000-00-00 00:00:00', 1, 1),
(49711, 1337, 0, 0, 1, '2017-10-18 18:05:30', '0000-00-00 00:00:00', 1, 1),
(49712, 1337, 0, 0, 1, '2017-10-18 18:05:30', '0000-00-00 00:00:00', 1, 1),
(49713, 1337, 0, 0, 1, '2017-10-18 18:05:30', '0000-00-00 00:00:00', 1, 1),
(49714, 1338, 0, 0, 1, '2017-10-18 18:05:30', '0000-00-00 00:00:00', 1, 1),
(49715, 1337, 0, 0, 1, '2017-10-18 18:05:30', '0000-00-00 00:00:00', 1, 1),
(49716, 1338, 0, 0, 1, '2017-10-18 18:05:30', '0000-00-00 00:00:00', 1, 1),
(49717, 1337, 0, 0, 1, '2017-10-18 18:05:30', '0000-00-00 00:00:00', 1, 1),
(49718, 1337, 0, 0, 1, '2017-10-18 18:05:30', '0000-00-00 00:00:00', 1, 1),
(49719, 1337, 0, 0, 1, '2017-10-18 18:05:30', '0000-00-00 00:00:00', 1, 1),
(49720, 1337, 0, 0, 1, '2017-10-18 18:05:30', '0000-00-00 00:00:00', 1, 1),
(49721, 1337, 0, 0, 1, '2017-10-18 18:05:30', '0000-00-00 00:00:00', 1, 1),
(49722, 1337, 0, 0, 1, '2017-10-18 18:05:30', '0000-00-00 00:00:00', 1, 1),
(49723, 1337, 0, 0, 1, '2017-10-18 18:05:30', '0000-00-00 00:00:00', 1, 1),
(49724, 1337, 0, 0, 1, '2017-10-18 18:05:30', '0000-00-00 00:00:00', 1, 1),
(49725, 1337, 0, 0, 1, '2017-10-18 18:05:30', '0000-00-00 00:00:00', 1, 1),
(49726, 1337, 0, 0, 1, '2017-10-18 18:05:30', '0000-00-00 00:00:00', 1, 1),
(49727, 1337, 0, 0, 1, '2017-10-18 18:05:30', '0000-00-00 00:00:00', 1, 1),
(49728, 1337, 0, 0, 1, '2017-10-18 18:05:30', '0000-00-00 00:00:00', 1, 1),
(49729, 1337, 0, 0, 1, '2017-10-18 18:05:30', '0000-00-00 00:00:00', 1, 1),
(49730, 1337, 0, 0, 1, '2017-10-18 18:05:30', '0000-00-00 00:00:00', 1, 1),
(49731, 1337, 0, 0, 1, '2017-10-18 18:05:30', '0000-00-00 00:00:00', 1, 1),
(49732, 1337, 0, 0, 1, '2017-10-18 18:05:30', '0000-00-00 00:00:00', 1, 1),
(49733, 1337, 0, 0, 1, '2017-10-18 18:05:30', '0000-00-00 00:00:00', 1, 1),
(49734, 1337, 0, 0, 1, '2017-10-18 18:05:30', '0000-00-00 00:00:00', 1, 1),
(49735, 1337, 0, 0, 1, '2017-10-18 18:05:30', '0000-00-00 00:00:00', 1, 1),
(49736, 1337, 0, 0, 1, '2017-10-18 18:05:30', '0000-00-00 00:00:00', 1, 1),
(49737, 1338, 0, 0, 1, '2017-10-18 18:05:30', '0000-00-00 00:00:00', 1, 1),
(49738, 1337, 0, 0, 1, '2017-10-18 18:05:30', '0000-00-00 00:00:00', 1, 1),
(49739, 1337, 0, 0, 1, '2017-10-18 18:05:30', '0000-00-00 00:00:00', 1, 1),
(49740, 1338, 0, 0, 1, '2017-10-18 18:05:30', '0000-00-00 00:00:00', 1, 1),
(49741, 1337, 0, 0, 1, '2017-10-18 18:05:30', '0000-00-00 00:00:00', 1, 1),
(49742, 1338, 0, 0, 1, '2017-10-18 18:05:30', '0000-00-00 00:00:00', 1, 1),
(49743, 1337, 0, 0, 1, '2017-10-18 18:05:30', '0000-00-00 00:00:00', 1, 1),
(49744, 1337, 0, 0, 1, '2017-10-18 18:05:30', '0000-00-00 00:00:00', 1, 1),
(49745, 1337, 0, 0, 1, '2017-10-18 18:05:30', '0000-00-00 00:00:00', 1, 1),
(49746, 1337, 0, 0, 1, '2017-10-18 18:05:30', '0000-00-00 00:00:00', 1, 1),
(49747, 1337, 0, 0, 1, '2017-10-18 18:05:30', '0000-00-00 00:00:00', 1, 1),
(49748, 1337, 0, 0, 1, '2017-10-18 18:05:30', '0000-00-00 00:00:00', 1, 1),
(49749, 1337, 0, 0, 1, '2017-10-18 18:05:30', '0000-00-00 00:00:00', 1, 1),
(49750, 1338, 0, 0, 1, '2017-10-18 18:05:30', '0000-00-00 00:00:00', 1, 1),
(49751, 1340, 0, 0, 1, '2017-10-18 18:05:30', '0000-00-00 00:00:00', 1, 1),
(49752, 1337, 0, 0, 1, '2017-10-18 18:05:30', '0000-00-00 00:00:00', 1, 1),
(49753, 1337, 0, 0, 1, '2017-10-18 18:05:30', '0000-00-00 00:00:00', 1, 1),
(49754, 1337, 0, 0, 1, '2017-10-18 18:05:30', '0000-00-00 00:00:00', 1, 1),
(49755, 1337, 0, 0, 1, '2017-10-18 18:05:30', '0000-00-00 00:00:00', 1, 1),
(49756, 1337, 0, 0, 1, '2017-10-18 18:05:30', '0000-00-00 00:00:00', 1, 1),
(49757, 1338, 0, 0, 1, '2017-10-18 18:05:30', '0000-00-00 00:00:00', 1, 1),
(49758, 1337, 0, 0, 1, '2017-10-18 18:05:30', '0000-00-00 00:00:00', 1, 1),
(49759, 1337, 0, 0, 1, '2017-10-18 18:05:30', '0000-00-00 00:00:00', 1, 1),
(49760, 1337, 0, 0, 1, '2017-10-18 18:05:30', '0000-00-00 00:00:00', 1, 1),
(49761, 1344, 0, 0, 1, '2017-10-18 18:05:30', '0000-00-00 00:00:00', 1, 1),
(49762, 1344, 0, 0, 1, '2017-10-18 18:05:30', '0000-00-00 00:00:00', 1, 1),
(49763, 1337, 0, 0, 1, '2017-10-18 18:05:30', '0000-00-00 00:00:00', 1, 1),
(49764, 1344, 0, 0, 1, '2017-10-18 18:05:30', '0000-00-00 00:00:00', 1, 1),
(49765, 1337, 0, 0, 1, '2017-10-18 18:05:30', '0000-00-00 00:00:00', 1, 1),
(49766, 1337, 0, 0, 1, '2017-10-18 18:05:30', '0000-00-00 00:00:00', 1, 1),
(49767, 1337, 0, 0, 1, '2017-10-18 18:05:30', '0000-00-00 00:00:00', 1, 1),
(49768, 1348, 0, 0, 1, '2017-10-18 18:05:30', '0000-00-00 00:00:00', 1, 1),
(49769, 1337, 0, 0, 1, '2017-10-18 18:05:30', '0000-00-00 00:00:00', 1, 1),
(49770, 1337, 0, 0, 1, '2017-10-18 18:05:30', '0000-00-00 00:00:00', 1, 1),
(49771, 1347, 0, 0, 1, '2017-10-18 18:05:30', '0000-00-00 00:00:00', 1, 1),
(49772, 1347, 0, 0, 1, '2017-10-18 18:05:30', '0000-00-00 00:00:00', 1, 1),
(49773, 1338, 0, 0, 1, '2017-10-18 18:05:30', '0000-00-00 00:00:00', 1, 1),
(49774, 1338, 0, 0, 1, '2017-10-18 18:05:30', '0000-00-00 00:00:00', 1, 1),
(49775, 1337, 0, 0, 1, '2017-10-18 18:05:30', '0000-00-00 00:00:00', 1, 1),
(49776, 1337, 0, 0, 1, '2017-10-18 18:05:30', '0000-00-00 00:00:00', 1, 1),
(49777, 1346, 0, 0, 1, '2017-10-18 18:05:30', '0000-00-00 00:00:00', 1, 1),
(49778, 1338, 0, 0, 1, '2017-10-18 18:05:30', '0000-00-00 00:00:00', 1, 1),
(49779, 1337, 0, 0, 1, '2017-10-18 18:05:30', '0000-00-00 00:00:00', 1, 1),
(49780, 1337, 0, 0, 1, '2017-10-18 18:05:30', '0000-00-00 00:00:00', 1, 1),
(49781, 1337, 0, 0, 1, '2017-10-18 18:05:30', '0000-00-00 00:00:00', 1, 1),
(49782, 1337, 0, 0, 1, '2017-10-18 18:05:30', '0000-00-00 00:00:00', 1, 1),
(49783, 1337, 0, 0, 1, '2017-10-18 18:05:30', '0000-00-00 00:00:00', 1, 1),
(49784, 1337, 0, 0, 1, '2017-10-18 18:05:30', '0000-00-00 00:00:00', 1, 1),
(49785, 1337, 0, 0, 1, '2017-10-18 18:05:30', '0000-00-00 00:00:00', 1, 1),
(49786, 1337, 0, 0, 1, '2017-10-18 18:05:30', '0000-00-00 00:00:00', 1, 1),
(49787, 1337, 0, 0, 1, '2017-10-18 18:05:30', '0000-00-00 00:00:00', 1, 1),
(49788, 1337, 0, 0, 1, '2017-10-18 18:05:30', '0000-00-00 00:00:00', 1, 1),
(49789, 1337, 0, 0, 1, '2017-10-18 18:05:30', '0000-00-00 00:00:00', 1, 1),
(49790, 1337, 0, 0, 1, '2017-10-18 18:05:30', '0000-00-00 00:00:00', 1, 1),
(49791, 1337, 0, 0, 1, '2017-10-18 18:05:30', '0000-00-00 00:00:00', 1, 1),
(49792, 1337, 0, 0, 1, '2017-10-18 18:05:30', '0000-00-00 00:00:00', 1, 1),
(49793, 1338, 0, 0, 1, '2017-10-18 18:05:30', '0000-00-00 00:00:00', 1, 1),
(49794, 1337, 0, 0, 1, '2017-10-18 18:05:30', '0000-00-00 00:00:00', 1, 1),
(49795, 1337, 0, 0, 1, '2017-10-18 18:05:30', '0000-00-00 00:00:00', 1, 1),
(49796, 1337, 0, 0, 1, '2017-10-18 18:05:30', '0000-00-00 00:00:00', 1, 1),
(49797, 1337, 0, 0, 1, '2017-10-18 18:05:30', '0000-00-00 00:00:00', 1, 1),
(49798, 1337, 0, 0, 1, '2017-10-18 18:05:30', '0000-00-00 00:00:00', 1, 1),
(49799, 1337, 0, 0, 1, '2017-10-18 18:05:30', '0000-00-00 00:00:00', 1, 1),
(49800, 1337, 0, 0, 1, '2017-10-18 18:05:30', '0000-00-00 00:00:00', 1, 1),
(49801, 1337, 0, 0, 1, '2017-10-18 18:05:30', '0000-00-00 00:00:00', 1, 1),
(49802, 1337, 0, 0, 1, '2017-10-18 18:05:30', '0000-00-00 00:00:00', 1, 1),
(49803, 1338, 0, 0, 1, '2017-10-18 18:05:30', '0000-00-00 00:00:00', 1, 1),
(49804, 1338, 0, 0, 1, '2017-10-18 18:05:30', '0000-00-00 00:00:00', 1, 1),
(49805, 1337, 0, 0, 1, '2017-10-18 18:05:30', '0000-00-00 00:00:00', 1, 1),
(49806, 1337, 0, 0, 1, '2017-10-18 18:05:30', '0000-00-00 00:00:00', 1, 1),
(49807, 1337, 0, 0, 1, '2017-10-18 18:05:30', '0000-00-00 00:00:00', 1, 1),
(49808, 1337, 0, 1, 1, '2017-10-18 18:05:30', '0000-00-00 00:00:00', 1, 1),
(49809, 1344, 0, 0, 1, '2017-12-08 20:16:04', '0000-00-00 00:00:00', 1, 1),
(49810, 1344, 0, 0, 1, '2017-12-08 20:36:42', '0000-00-00 00:00:00', 1, 1),
(49811, 1344, 0, 0, 1, '2017-12-08 21:02:00', '0000-00-00 00:00:00', 1, 1),
(49812, 1338, 0, 1, 1, '2017-12-21 12:30:17', '0000-00-00 00:00:00', 1, 1),
(49813, 1345, 0, 0, 1, '2017-12-21 12:50:37', '0000-00-00 00:00:00', 1, 1),
(49814, 1357, 0, 1, 1, '2017-12-23 13:06:54', '0000-00-00 00:00:00', 1, 1),
(49815, 1344, 0, 0, 1, '2017-12-31 14:54:36', '0000-00-00 00:00:00', 1, 1),
(49816, 1340, 0, 0, 1, '2017-12-31 14:57:19', '0000-00-00 00:00:00', 1, 1),
(49817, 1338, 0, 0, 1, '2017-12-31 14:57:37', '0000-00-00 00:00:00', 1, 1),
(49818, 1338, 0, 0, 1, '2017-12-31 15:50:39', '0000-00-00 00:00:00', 1, 1),
(49819, 1340, 0, 0, 1, '2017-12-31 15:51:00', '0000-00-00 00:00:00', 1, 1),
(49820, 1339, 0, 0, 1, '2017-12-31 19:19:05', '0000-00-00 00:00:00', 1, 1),
(49821, 1345, 0, 0, 1, '2018-01-05 22:00:35', '0000-00-00 00:00:00', 1, 1),
(49822, 1370, 0, 0, 1, '2018-01-05 22:25:40', '0000-00-00 00:00:00', 1, 1),
(49823, 1349, 0, 0, 1, '2018-01-05 23:02:18', '0000-00-00 00:00:00', 1, 1),
(49824, 1397, 0, 0, 1, '2018-01-05 23:33:00', '0000-00-00 00:00:00', 1, 1),
(49825, 1383, 0, 0, 1, '2018-01-05 23:55:03', '0000-00-00 00:00:00', 1, 1),
(49826, 1398, 0, 0, 1, '2018-01-06 00:01:34', '0000-00-00 00:00:00', 1, 1),
(49827, 1355, 0, 0, 1, '2018-01-06 00:19:00', '0000-00-00 00:00:00', 1, 1),
(49828, 1358, 0, 0, 1, '2018-01-06 00:29:49', '0000-00-00 00:00:00', 1, 1),
(49829, 1342, 0, 0, 1, '2018-01-06 00:36:28', '0000-00-00 00:00:00', 1, 1),
(49830, 1365, 0, 0, 1, '2018-01-06 21:52:27', '0000-00-00 00:00:00', 1, 1),
(49831, 1354, 0, 0, 1, '2018-01-06 22:10:34', '0000-00-00 00:00:00', 1, 1),
(49832, 1340, 0, 0, 1, '2018-01-07 12:55:05', '0000-00-00 00:00:00', 1, 1),
(49833, 1338, 0, 0, 1, '2018-01-07 18:32:05', '0000-00-00 00:00:00', 1, 1),
(49834, 1338, 0, 0, 1, '2018-01-09 01:48:48', '0000-00-00 00:00:00', 1, 1),
(49835, 1383, 0, 0, 1, '2018-01-09 01:50:58', '0000-00-00 00:00:00', 1, 1),
(49836, 1353, 0, 0, 1, '2018-01-09 02:34:51', '0000-00-00 00:00:00', 1, 1),
(49837, 1345, 0, 0, 1, '2018-01-09 02:48:35', '0000-00-00 00:00:00', 1, 1),
(49838, 1340, 0, 0, 1, '2018-01-09 03:03:58', '0000-00-00 00:00:00', 1, 1),
(49839, 1339, 0, 0, 1, '2018-01-19 22:05:33', '0000-00-00 00:00:00', 1, 1),
(49840, 1339, 0, 0, 1, '2018-01-19 22:06:27', '0000-00-00 00:00:00', 1, 1),
(49841, 1339, 0, 0, 1, '2018-02-08 15:45:02', '0000-00-00 00:00:00', 1, 1),
(49842, 1381, 0, 0, 1, '2018-02-08 15:46:59', '0000-00-00 00:00:00', 1, 1),
(49843, 1342, 0, 0, 1, '2018-02-12 17:06:27', '0000-00-00 00:00:00', 1, 1),
(49844, 1339, 0, 0, 1, '2018-02-28 14:07:31', '0000-00-00 00:00:00', 1, 1),
(49845, 1354, 0, 0, 1, '2018-02-28 14:11:09', '0000-00-00 00:00:00', 1, 1),
(49846, 1339, 0, 0, 1, '2018-03-05 15:52:06', '0000-00-00 00:00:00', 1, 1),
(49847, 1339, 0, 0, 1, '2018-03-05 16:04:19', '0000-00-00 00:00:00', 1, 1),
(49848, 1350, 0, 0, 1, '2018-03-05 16:10:04', '0000-00-00 00:00:00', 1, 1),
(49849, 1350, 0, 0, 1, '2018-03-05 16:24:41', '0000-00-00 00:00:00', 1, 1),
(49850, 1399, 0, 0, 1, '2018-03-27 14:08:28', '0000-00-00 00:00:00', 1, 1),
(49851, 1339, 0, 0, 1, '2018-04-26 16:23:36', '0000-00-00 00:00:00', 1, 1),
(49852, 1350, 0, 0, 1, '2018-04-26 16:35:32', '0000-00-00 00:00:00', 1, 1),
(49853, 1360, 0, 0, 1, '2018-07-02 18:37:43', '0000-00-00 00:00:00', 1, 1),
(49854, 1344, 0, 0, 1, '2018-07-09 14:51:53', '0000-00-00 00:00:00', 1, 1),
(49855, 1340, 0, 0, 1, '2018-07-09 18:22:30', '0000-00-00 00:00:00', 1, 1),
(49856, 1350, 0, 0, 1, '2018-07-11 18:39:42', '0000-00-00 00:00:00', 1, 1),
(49857, 1338, 0, 0, 1, '2018-07-11 18:58:22', '0000-00-00 00:00:00', 1, 1),
(49858, 1339, 0, 0, 1, '2018-07-19 15:46:03', '0000-00-00 00:00:00', 1, 1),
(49859, 1338, 0, 0, 1, '2018-07-19 16:02:17', '0000-00-00 00:00:00', 1, 1),
(49860, 1338, 0, 0, 1, '2018-07-19 16:24:18', '0000-00-00 00:00:00', 1, 1),
(49861, 1352, 0, 0, 1, '2018-07-23 16:59:55', '0000-00-00 00:00:00', 1, 1),
(49862, 1346, 0, 0, 1, '2018-07-23 17:04:45', '0000-00-00 00:00:00', 1, 1),
(49863, 1372, 0, 0, 1, '2018-07-23 17:07:39', '0000-00-00 00:00:00', 1, 1),
(49864, 1374, 0, 0, 1, '2018-07-23 17:15:01', '0000-00-00 00:00:00', 1, 1),
(49865, 1338, 0, 0, 1, '2018-07-25 15:55:29', '0000-00-00 00:00:00', 1, 1),
(49866, 1352, 0, 0, 1, '2018-07-25 16:51:23', '0000-00-00 00:00:00', 1, 1),
(49867, 1338, 0, 0, 1, '2018-08-28 13:44:22', '0000-00-00 00:00:00', 1, 1),
(49868, 1340, 0, 0, 1, '2018-08-28 14:00:32', '0000-00-00 00:00:00', 1, 1),
(49869, 1358, 0, 0, 1, '2018-08-28 14:09:11', '0000-00-00 00:00:00', 1, 1),
(49870, 1372, 0, 0, 1, '2018-08-28 14:15:41', '0000-00-00 00:00:00', 1, 1),
(49871, 1338, 0, 0, 1, '2018-08-28 16:34:12', '0000-00-00 00:00:00', 1, 1),
(49872, 1339, 0, 0, 1, '2018-09-11 17:10:44', '0000-00-00 00:00:00', 1, 1),
(49873, 1337, 0, 0, 1, '2018-09-13 13:41:16', '0000-00-00 00:00:00', 1, 1),
(49874, 1339, 0, 0, 1, '2018-10-18 19:01:54', '0000-00-00 00:00:00', 1, 1),
(49875, 1339, 0, 0, 1, '2018-10-18 19:02:20', '0000-00-00 00:00:00', 1, 1),
(49876, 1339, 0, 0, 1, '2018-10-18 19:02:45', '0000-00-00 00:00:00', 1, 1),
(49877, 1370, 0, 0, 1, '2018-10-30 14:39:55', '0000-00-00 00:00:00', 1, 1),
(49878, 1352, 0, 1, 1, '2018-10-30 14:50:24', '0000-00-00 00:00:00', 1, 1),
(49879, 1337, 0, 0, 1, '2018-10-31 17:14:41', '0000-00-00 00:00:00', 1, 1),
(49880, 1345, 0, 0, 1, '2019-01-01 15:22:25', '0000-00-00 00:00:00', 1, 1),
(49881, 1352, 0, 0, 1, '2019-01-01 15:48:46', '0000-00-00 00:00:00', 1, 1),
(49882, 1350, 0, 0, 1, '2019-01-01 17:14:34', '0000-00-00 00:00:00', 1, 1),
(49883, 1348, 0, 0, 1, '2019-01-02 15:50:37', '0000-00-00 00:00:00', 1, 1),
(49884, 1370, 0, 0, 1, '2019-01-02 16:32:06', '0000-00-00 00:00:00', 1, 1),
(49885, 1339, 0, 0, 1, '2019-01-02 17:25:22', '0000-00-00 00:00:00', 1, 1),
(49886, 1339, 0, 0, 1, '2019-01-02 18:17:53', '0000-00-00 00:00:00', 1, 1),
(49887, 13100, 0, 0, 1, '2019-01-07 15:45:21', '0000-00-00 00:00:00', 1, 1),
(49888, 1340, 0, 0, 1, '2019-01-31 18:40:27', '0000-00-00 00:00:00', 1, 1),
(49889, 1381, 0, 0, 1, '2019-01-31 18:54:26', '0000-00-00 00:00:00', 1, 1),
(49890, 1381, 0, 0, 1, '2019-01-31 19:27:21', '0000-00-00 00:00:00', 1, 1),
(49891, 1350, 0, 0, 1, '2019-02-14 14:03:13', '0000-00-00 00:00:00', 1, 1),
(49892, 1339, 0, 0, 1, '2019-02-26 18:34:11', '0000-00-00 00:00:00', 1, 1),
(49893, 1339, 0, 0, 1, '2019-03-03 17:29:47', '0000-00-00 00:00:00', 1, 1),
(49894, 1339, 0, 0, 1, '2019-03-14 19:43:56', '0000-00-00 00:00:00', 1, 1),
(49895, 1371, 0, 0, 1, '2019-03-20 13:53:02', '0000-00-00 00:00:00', 1, 1),
(49896, 1350, 0, 0, 1, '2019-03-20 15:17:45', '0000-00-00 00:00:00', 1, 1),
(49897, 1344, 0, 0, 1, '2019-03-20 15:58:13', '0000-00-00 00:00:00', 1, 1),
(49898, 1374, 0, 0, 1, '2019-03-20 19:06:13', '0000-00-00 00:00:00', 1, 1),
(49899, 1351, 0, 0, 1, '2019-03-20 19:25:11', '0000-00-00 00:00:00', 1, 1),
(49900, 1340, 0, 0, 1, '2019-03-24 14:02:46', '0000-00-00 00:00:00', 1, 1),
(49901, 1372, 0, 0, 1, '2019-03-24 14:41:58', '0000-00-00 00:00:00', 1, 1),
(49902, 1379, 0, 0, 1, '2019-03-24 15:32:14', '0000-00-00 00:00:00', 1, 1),
(49903, 1350, 0, 0, 1, '2019-04-02 19:10:55', '0000-00-00 00:00:00', 1, 1),
(49904, 1344, 0, 0, 1, '2019-04-04 18:13:13', '0000-00-00 00:00:00', 1, 1),
(49905, 1339, 0, 0, 1, '2019-04-18 16:39:32', '0000-00-00 00:00:00', 1, 1),
(49906, 1340, 0, 0, 1, '2019-05-14 16:40:44', '0000-00-00 00:00:00', 1, 1),
(49907, 1352, 0, 0, 1, '2019-05-14 16:41:22', '0000-00-00 00:00:00', 1, 1),
(49908, 1370, 1, 0, 1, '2019-11-03 11:38:55', '2019-11-03 11:38:55', 1, 1),
(49909, 1352, 2, 0, 1, '2019-11-08 11:32:08', '2019-11-08 11:32:08', 1, 1),
(49910, 1352, 3, 0, 1, '2019-11-08 11:42:03', '2019-11-08 11:42:03', 1, 1),
(49911, 1383, 4, 0, 1, '2019-11-08 12:01:05', '2019-11-08 12:01:05', 1, 1),
(49912, 1340, 5, 0, 1, '2019-11-08 12:11:10', '2019-11-08 12:11:10', 1, 1),
(49913, 1385, 6, 0, 1, '2019-11-08 12:20:42', '2019-11-08 12:20:42', 1, 1),
(49914, 1338, 7, 0, 1, '2019-11-08 12:28:10', '2019-11-08 12:28:10', 1, 1),
(49915, 1338, 8, 0, 1, '2019-11-08 12:33:11', '2019-11-08 12:33:11', 1, 1),
(49916, 1338, 9, 0, 1, '2019-11-08 12:37:53', '2019-11-08 12:37:53', 1, 1),
(49917, 1338, 10, 0, 1, '2019-11-08 12:41:39', '2019-11-08 12:41:39', 1, 1),
(49918, 1338, 11, 0, 1, '2019-11-08 12:45:55', '2019-11-08 12:45:55', 1, 1),
(49919, 1338, 12, 0, 1, '2019-11-08 12:53:54', '2019-11-08 12:53:54', 1, 1),
(49920, 1338, 13, 0, 1, '2019-11-08 13:07:01', '2019-11-08 13:07:01', 1, 1),
(49921, 1338, 14, 0, 1, '2019-11-08 13:07:11', '2019-11-08 13:07:11', 1, 1),
(49922, 1350, 15, 0, 1, '2019-11-08 13:11:50', '2019-11-08 13:11:50', 1, 1),
(49923, 1350, 16, 0, 1, '2019-11-08 13:16:27', '2019-11-08 13:16:27', 1, 1),
(49924, 1350, 17, 0, 1, '2019-11-08 13:23:05', '2019-11-08 13:23:05', 1, 1),
(49925, 1344, 18, 0, 1, '2019-11-08 13:25:48', '2019-11-08 13:25:48', 1, 1),
(49926, 1344, 19, 0, 1, '2019-11-08 13:30:28', '2019-11-08 13:30:28', 1, 1),
(49927, 1344, 20, 0, 1, '2019-11-08 13:33:31', '2019-11-08 13:33:31', 1, 1),
(49928, 1381, 21, 0, 1, '2019-11-08 13:43:52', '2019-11-08 13:43:52', 1, 1),
(49929, 1381, 22, 0, 1, '2019-11-08 13:51:56', '2019-11-08 13:51:56', 1, 1),
(49931, 1337, 23, 0, 1, '2019-11-11 07:58:32', '2019-11-11 07:58:32', 1, 1),
(49932, 1337, 24, 0, 1, '2019-11-11 08:02:06', '2019-11-11 08:02:06', 1, 1),
(49933, 1337, 25, 0, 1, '2019-11-11 08:05:11', '2019-11-11 08:05:11', 1, 1),
(49934, 1342, 26, 0, 1, '2019-11-11 08:10:02', '2019-11-11 08:10:02', 1, 1),
(49935, 1342, 27, 0, 1, '2019-11-11 08:13:35', '2019-11-11 08:13:35', 1, 1),
(49936, 1342, 28, 0, 1, '2019-11-11 08:17:27', '2019-11-11 08:17:27', 1, 1),
(49937, 1355, 29, 0, 1, '2019-11-11 08:21:22', '2019-11-11 08:21:22', 1, 1),
(49938, 1372, 30, 0, 1, '2019-11-11 08:24:16', '2019-11-11 08:24:16', 1, 1),
(49939, 1372, 31, 0, 1, '2019-11-11 08:29:23', '2019-11-11 08:29:23', 1, 1),
(49940, 1354, 32, 0, 1, '2019-11-11 09:31:30', '2019-11-11 09:31:30', 1, 1),
(49941, 1354, 33, 0, 1, '2019-11-11 09:40:28', '2019-11-11 09:40:28', 1, 1),
(49942, 1354, 34, 0, 1, '2019-11-11 09:43:28', '2019-11-11 09:43:28', 1, 1),
(49943, 1339, 35, 0, 1, '2019-11-11 09:48:47', '2019-11-11 09:48:47', 1, 1),
(49944, 1339, 36, 0, 1, '2019-11-11 09:56:48', '2019-11-11 09:56:48', 1, 1),
(49945, 1339, 37, 0, 1, '2019-11-11 10:00:41', '2019-11-11 10:00:41', 1, 1),
(49946, 1339, 38, 0, 1, '2019-11-11 10:04:53', '2019-11-11 10:04:53', 1, 1),
(49947, 1339, 39, 0, 1, '2019-11-11 10:08:54', '2019-11-11 10:08:54', 1, 1),
(49948, 1339, 40, 0, 1, '2019-11-11 10:12:49', '2019-11-11 10:12:49', 1, 1),
(49949, 1362, 41, 0, 1, '2019-11-11 10:17:36', '2019-11-11 10:17:36', 1, 1),
(49950, 1362, 42, 0, 1, '2019-11-11 10:20:48', '2019-11-11 10:20:48', 1, 1),
(49951, 1363, 43, 0, 1, '2019-11-11 10:28:40', '2019-11-11 10:32:34', 1, 1),
(49952, 1363, 44, 0, 1, '2019-11-11 10:32:47', '2019-11-11 10:32:47', 1, 1),
(49953, 1363, 45, 0, 1, '2019-11-11 10:35:05', '2019-11-11 10:35:05', 1, 1),
(49954, 1346, 46, 0, 1, '2019-11-11 11:43:33', '2019-11-11 11:43:33', 1, 1),
(49955, 13136, 47, 0, 1, '2019-11-11 12:00:46', '2019-11-11 12:00:46', 1, 1);

-- --------------------------------------------------------

--
-- Table structure for table `districts_text`
--

CREATE TABLE `districts_text` (
  `DistrictTextID` int(11) NOT NULL,
  `DistrictID` int(11) NOT NULL,
  `Title` varchar(255) NOT NULL,
  `SystemLanguageID` int(11) NOT NULL,
  `CreatedAt` datetime NOT NULL,
  `UpdatedAt` datetime NOT NULL,
  `CreatedBy` int(11) NOT NULL,
  `UpdatedBy` int(11) NOT NULL
) ENGINE=InnoDB DEFAULT CHARSET=utf8;

--
-- Dumping data for table `districts_text`
--

INSERT INTO `districts_text` (`DistrictTextID`, `DistrictID`, `Title`, `SystemLanguageID`, `CreatedAt`, `UpdatedAt`, `CreatedBy`, `UpdatedBy`) VALUES
(1, 1388, 'Abbas Al-Aqad', 1, '2017-12-07 18:21:42', '0000-00-00 00:00:00', 1, 1),
(2, 1389, 'Al-Aqiq', 1, '2017-12-07 18:21:42', '0000-00-00 00:00:00', 1, 1),
(3, 1390, 'Al-Faruq', 1, '2017-12-07 18:21:42', '0000-00-00 00:00:00', 1, 1),
(4, 1391, 'Al-Huwaylat', 1, '2017-12-07 18:21:42', '0000-00-00 00:00:00', 1, 1),
(5, 1392, 'Al-Iskan', 1, '2017-12-07 18:21:42', '0000-00-00 00:00:00', 1, 1),
(6, 1393, 'Al-Nakheel', 1, '2017-12-07 18:21:42', '0000-00-00 00:00:00', 1, 1),
(8, 1395, 'Shadhah AlDayeri', 1, '2017-12-07 18:21:42', '0000-00-00 00:00:00', 1, 1),
(9, 49607, 'Abdullah Fouad', 1, '2017-10-18 18:05:29', '0000-00-00 00:00:00', 1, 1),
(10, 49608, 'Abruq Al-Rughamah', 1, '2017-10-18 18:05:29', '0000-00-00 00:00:00', 1, 1),
(11, 49609, 'Al Ghadeer', 1, '2017-10-18 18:05:29', '0000-00-00 00:00:00', 1, 1),
(12, 49610, 'Al Kawthar', 1, '2017-10-18 18:05:29', '0000-00-00 00:00:00', 1, 1),
(13, 49611, 'Al Khobar Al Janubiyah', 1, '2017-10-18 18:05:29', '0000-00-00 00:00:00', 1, 1),
(14, 49612, 'Al Khobar Al Shamaliyah', 1, '2017-10-18 18:05:29', '0000-00-00 00:00:00', 1, 1),
(15, 49613, 'Al Manakhah', 1, '2017-10-18 18:05:29', '0000-00-00 00:00:00', 1, 1),
(16, 49614, 'Al Manakhah', 1, '2017-10-18 18:05:29', '0000-00-00 00:00:00', 1, 1),
(17, 49615, 'Al Mughrizat', 1, '2017-10-18 18:05:29', '0000-00-00 00:00:00', 1, 1),
(18, 49616, 'Al- Nazlah Ash-Sharqiyah', 1, '2017-10-18 18:05:29', '0000-00-00 00:00:00', 1, 1),
(19, 49617, 'Al Rass', 1, '2017-10-18 18:05:29', '0000-00-00 00:00:00', 1, 1),
(20, 49618, 'Al Sahafa', 1, '2017-10-18 18:05:29', '0000-00-00 00:00:00', 1, 1),
(21, 49619, 'Al Salam', 1, '2017-10-18 18:05:29', '0000-00-00 00:00:00', 1, 1),
(22, 49620, 'Al Shati Al Sharqi', 1, '2017-10-18 18:05:29', '0000-00-00 00:00:00', 1, 1),
(23, 49621, 'Al Ulaya', 1, '2017-10-18 18:05:29', '0000-00-00 00:00:00', 1, 1),
(24, 49622, 'Al Wadi', 1, '2017-10-18 18:05:29', '0000-00-00 00:00:00', 1, 1),
(25, 49623, 'Al Waha', 1, '2017-10-18 18:05:29', '0000-00-00 00:00:00', 1, 1),
(26, 49624, 'Al Yarmouk', 1, '2017-10-18 18:05:29', '0000-00-00 00:00:00', 1, 1),
(27, 49625, 'Al Yasmin', 1, '2017-10-18 18:05:29', '0000-00-00 00:00:00', 1, 1),
(28, 49626, 'Al-Adel', 1, '2017-10-18 18:05:29', '0000-00-00 00:00:00', 1, 1),
(29, 49627, 'Al-Ajaweed', 1, '2017-10-18 18:05:29', '0000-00-00 00:00:00', 1, 1),
(30, 49628, 'Al-Ajwad', 1, '2017-10-18 18:05:29', '0000-00-00 00:00:00', 1, 1),
(31, 49629, 'Al-Amir Fawaz Al-Januby', 1, '2017-10-18 18:05:29', '0000-00-00 00:00:00', 1, 1),
(32, 49630, 'Al-Amir Fawaz Ash-Shamaly', 1, '2017-10-18 18:05:29', '0000-00-00 00:00:00', 1, 1),
(33, 49631, 'Al-Ammariyah', 1, '2017-10-18 18:05:29', '0000-00-00 00:00:00', 1, 1),
(34, 49632, 'Al-Amwaj', 1, '2017-10-18 18:05:29', '0000-00-00 00:00:00', 1, 1),
(35, 49633, 'Al-Andalus', 1, '2017-10-18 18:05:29', '0000-00-00 00:00:00', 1, 1),
(36, 49634, 'Al-Asaala', 1, '2017-10-18 18:05:29', '0000-00-00 00:00:00', 1, 1),
(37, 49635, 'Al-Aziziyah', 1, '2017-10-18 18:05:29', '0000-00-00 00:00:00', 1, 1),
(38, 49636, 'Al-Badiah', 1, '2017-10-18 18:05:29', '0000-00-00 00:00:00', 1, 1),
(39, 49637, 'Al-Baghdadiya Al-Gharbiya', 1, '2017-10-18 18:05:29', '0000-00-00 00:00:00', 1, 1),
(40, 49638, 'Al-Baghdadiya Al-Sharqiya', 1, '2017-10-18 18:05:29', '0000-00-00 00:00:00', 1, 1),
(41, 49639, 'Al-Balad', 1, '2017-10-18 18:05:29', '0000-00-00 00:00:00', 1, 1),
(42, 49640, 'Al-Barkah', 1, '2017-10-18 18:05:29', '0000-00-00 00:00:00', 1, 1),
(43, 49641, 'Al-Basatin', 1, '2017-10-18 18:05:29', '0000-00-00 00:00:00', 1, 1),
(44, 49642, 'Al-Bashaer', 1, '2017-10-18 18:05:29', '0000-00-00 00:00:00', 1, 1),
(45, 49643, 'Al-Bawadi', 1, '2017-10-18 18:05:29', '0000-00-00 00:00:00', 1, 1),
(46, 49644, 'Al-Baylasan', 1, '2017-10-18 18:05:29', '0000-00-00 00:00:00', 1, 1),
(47, 49645, 'Al-Cournich', 1, '2017-10-18 18:05:29', '0000-00-00 00:00:00', 1, 1),
(48, 49646, 'Al-Dahiah', 1, '2017-10-18 18:05:29', '0000-00-00 00:00:00', 1, 1),
(49, 49647, 'Al-Dhahran', 1, '2017-10-18 18:05:29', '0000-00-00 00:00:00', 1, 1),
(50, 49648, 'Al-Ezdihar', 1, '2017-10-18 18:05:29', '0000-00-00 00:00:00', 1, 1),
(51, 49649, 'Al-Fadel', 1, '2017-10-18 18:05:29', '0000-00-00 00:00:00', 1, 1),
(52, 49650, 'Al-Fadeylah', 1, '2017-10-18 18:05:29', '0000-00-00 00:00:00', 1, 1),
(53, 49651, 'Al-Faiha', 1, '2017-10-18 18:05:29', '0000-00-00 00:00:00', 1, 1),
(54, 49652, 'Al-Faisaliyah', 1, '2017-10-18 18:05:29', '0000-00-00 00:00:00', 1, 1),
(55, 49653, 'Al-Falah', 1, '2017-10-18 18:05:29', '0000-00-00 00:00:00', 1, 1),
(56, 49654, 'Al-Farouk', 1, '2017-10-18 18:05:29', '0000-00-00 00:00:00', 1, 1),
(57, 49655, 'Al-Ferdous', 1, '2017-10-18 18:05:29', '0000-00-00 00:00:00', 1, 1),
(58, 49656, 'Al-Frosyah', 1, '2017-10-18 18:05:29', '0000-00-00 00:00:00', 1, 1),
(59, 49657, 'Al-Ghadir', 1, '2017-10-18 18:05:29', '0000-00-00 00:00:00', 1, 1),
(60, 49658, 'Al-Hada', 1, '2017-10-18 18:05:29', '0000-00-00 00:00:00', 1, 1),
(61, 49659, 'Al-Hadra\'a', 1, '2017-10-18 18:05:29', '0000-00-00 00:00:00', 1, 1),
(62, 49660, 'Al-Hamdaniya', 1, '2017-10-18 18:05:29', '0000-00-00 00:00:00', 1, 1),
(63, 49661, 'Al-Hamra', 1, '2017-10-18 18:05:29', '0000-00-00 00:00:00', 1, 1),
(64, 49662, 'Al-Hamraa', 1, '2017-10-18 18:05:29', '0000-00-00 00:00:00', 1, 1),
(65, 49663, 'Al-Haramin', 1, '2017-10-18 18:05:29', '0000-00-00 00:00:00', 1, 1),
(66, 49664, 'Al-Harazat', 1, '2017-10-18 18:05:29', '0000-00-00 00:00:00', 1, 1),
(67, 49665, 'Al-Henaki', 1, '2017-10-18 18:05:29', '0000-00-00 00:00:00', 1, 1),
(68, 49666, 'Al-Hindawiyah', 1, '2017-10-18 18:05:29', '0000-00-00 00:00:00', 1, 1),
(69, 49667, 'Al-Iskan Al-Janubi', 1, '2017-10-18 18:05:29', '0000-00-00 00:00:00', 1, 1),
(70, 49668, 'Al-Jamaa', 1, '2017-10-18 18:05:29', '0000-00-00 00:00:00', 1, 1),
(71, 49669, 'Al-Jawad', 1, '2017-10-18 18:05:29', '0000-00-00 00:00:00', 1, 1),
(72, 49670, 'Al-Jawharah', 1, '2017-10-18 18:05:29', '0000-00-00 00:00:00', 1, 1),
(73, 49671, 'Al-Jazirah', 1, '2017-10-18 18:05:29', '0000-00-00 00:00:00', 1, 1),
(74, 49672, 'Al-Kandarah', 1, '2017-10-18 18:05:29', '0000-00-00 00:00:00', 1, 1),
(75, 49673, 'Al-Karamah', 1, '2017-10-18 18:05:29', '0000-00-00 00:00:00', 1, 1),
(76, 49674, 'Al-Kawthar', 1, '2017-10-18 18:05:29', '0000-00-00 00:00:00', 1, 1),
(77, 49675, 'Al-Khalidiyah', 1, '2017-10-18 18:05:29', '0000-00-00 00:00:00', 1, 1),
(78, 49676, 'Al-Khaskiyah', 1, '2017-10-18 18:05:29', '0000-00-00 00:00:00', 1, 1),
(79, 49677, 'Al-Khomrah', 1, '2017-10-18 18:05:29', '0000-00-00 00:00:00', 1, 1),
(80, 49678, 'Al-Loaloa', 1, '2017-10-18 18:05:29', '0000-00-00 00:00:00', 1, 1),
(81, 49679, 'Al-Madhar Al-Shamali', 1, '2017-10-18 18:05:29', '0000-00-00 00:00:00', 1, 1),
(82, 49680, 'Al-Mahjar', 1, '2017-10-18 18:05:29', '0000-00-00 00:00:00', 1, 1),
(83, 49681, 'Al-Majed', 1, '2017-10-18 18:05:29', '0000-00-00 00:00:00', 1, 1),
(84, 49682, 'Al-Malaz', 1, '2017-10-18 18:05:29', '0000-00-00 00:00:00', 1, 1),
(85, 49683, 'Al-Manar', 1, '2017-10-18 18:05:29', '0000-00-00 00:00:00', 1, 1),
(86, 49684, 'Al-Marwah', 1, '2017-10-18 18:05:29', '0000-00-00 00:00:00', 1, 1),
(87, 49685, 'Al-Masarah', 1, '2017-10-18 18:05:29', '0000-00-00 00:00:00', 1, 1),
(88, 49686, 'Al-Matar Al-Gadeem (old airport)', 1, '2017-10-18 18:05:29', '0000-00-00 00:00:00', 1, 1),
(89, 49687, 'Al-Montazah', 1, '2017-10-18 18:05:29', '0000-00-00 00:00:00', 1, 1),
(90, 49688, 'Al-Mosadiya', 1, '2017-10-18 18:05:29', '0000-00-00 00:00:00', 1, 1),
(91, 49689, 'Al-Moulysaa', 1, '2017-10-18 18:05:30', '0000-00-00 00:00:00', 1, 1),
(92, 49690, 'Al-Muhammadiyah', 1, '2017-10-18 18:05:30', '0000-00-00 00:00:00', 1, 1),
(93, 49691, 'Al-Murjan', 1, '2017-10-18 18:05:30', '0000-00-00 00:00:00', 1, 1),
(94, 49692, 'Al-Murooj', 1, '2017-10-18 18:05:30', '0000-00-00 00:00:00', 1, 1),
(95, 49693, 'Al-Mutanazahat', 1, '2017-10-18 18:05:30', '0000-00-00 00:00:00', 1, 1),
(96, 49694, 'Al-Nada District', 1, '2017-10-18 18:05:30', '0000-00-00 00:00:00', 1, 1),
(97, 49695, 'Al-Nahdah', 1, '2017-10-18 18:05:30', '0000-00-00 00:00:00', 1, 1),
(98, 49696, 'Al-Naim', 1, '2017-10-18 18:05:30', '0000-00-00 00:00:00', 1, 1),
(99, 49697, 'Al-Nakhil', 1, '2017-10-18 18:05:30', '0000-00-00 00:00:00', 1, 1),
(100, 49698, 'Al-Nasim', 1, '2017-10-18 18:05:30', '0000-00-00 00:00:00', 1, 1),
(101, 49699, 'Al-Nazlah Al- Yamaniyah', 1, '2017-10-18 18:05:30', '0000-00-00 00:00:00', 1, 1),
(102, 49700, 'Al-Nuzhah', 1, '2017-10-18 18:05:30', '0000-00-00 00:00:00', 1, 1),
(103, 49701, 'Al-Qouzeen', 1, '2017-10-18 18:05:30', '0000-00-00 00:00:00', 1, 1),
(104, 49702, 'Al-Qryniah', 1, '2017-10-18 18:05:30', '0000-00-00 00:00:00', 1, 1),
(105, 49703, 'Al-Quraiyat', 1, '2017-10-18 18:05:30', '0000-00-00 00:00:00', 1, 1),
(106, 49704, 'Al-Rabi', 1, '2017-10-18 18:05:30', '0000-00-00 00:00:00', 1, 1),
(107, 49705, 'Al-Rabi', 1, '2017-10-18 18:05:30', '0000-00-00 00:00:00', 1, 1),
(108, 49706, 'Al-Rabie', 1, '2017-10-18 18:05:30', '0000-00-00 00:00:00', 1, 1),
(109, 49707, 'Al-Rabwah', 1, '2017-10-18 18:05:30', '0000-00-00 00:00:00', 1, 1),
(110, 49708, 'Al-Rabwah', 1, '2017-10-18 18:05:30', '0000-00-00 00:00:00', 1, 1),
(111, 49709, 'Al-Rahmah', 1, '2017-10-18 18:05:30', '0000-00-00 00:00:00', 1, 1),
(112, 49710, 'Al-Rahmaniyah', 1, '2017-10-18 18:05:30', '0000-00-00 00:00:00', 1, 1),
(113, 49711, 'Al-Rahmanyah', 1, '2017-10-18 18:05:30', '0000-00-00 00:00:00', 1, 1),
(114, 49712, 'Al-Rawabi', 1, '2017-10-18 18:05:30', '0000-00-00 00:00:00', 1, 1),
(115, 49713, 'Al-Rawdah', 1, '2017-10-18 18:05:30', '0000-00-00 00:00:00', 1, 1),
(116, 49714, 'Al-Rawdah', 1, '2017-10-18 18:05:30', '0000-00-00 00:00:00', 1, 1),
(117, 49715, 'Al-Rayaan', 1, '2017-10-18 18:05:30', '0000-00-00 00:00:00', 1, 1),
(118, 49716, 'Al-Rayan', 1, '2017-10-18 18:05:30', '0000-00-00 00:00:00', 1, 1),
(119, 49717, 'Al-Rehaili', 1, '2017-10-18 18:05:30', '0000-00-00 00:00:00', 1, 1),
(120, 49718, 'Al-Rihab', 1, '2017-10-18 18:05:30', '0000-00-00 00:00:00', 1, 1),
(121, 49719, 'Al-Riyadh', 1, '2017-10-18 18:05:30', '0000-00-00 00:00:00', 1, 1),
(122, 49720, 'Al-Ruwais', 1, '2017-10-18 18:05:30', '0000-00-00 00:00:00', 1, 1),
(123, 49721, 'Al-Sabil', 1, '2017-10-18 18:05:30', '0000-00-00 00:00:00', 1, 1),
(124, 49722, 'Al-Safa', 1, '2017-10-18 18:05:30', '0000-00-00 00:00:00', 1, 1),
(125, 49723, 'Al-Saheifa', 1, '2017-10-18 18:05:30', '0000-00-00 00:00:00', 1, 1),
(126, 49724, 'Al-Sahil', 1, '2017-10-18 18:05:30', '0000-00-00 00:00:00', 1, 1),
(127, 49725, 'Al-Salam', 1, '2017-10-18 18:05:30', '0000-00-00 00:00:00', 1, 1),
(128, 49726, 'Al-Salamah', 1, '2017-10-18 18:05:30', '0000-00-00 00:00:00', 1, 1),
(129, 49727, 'Al-Salhiyah', 1, '2017-10-18 18:05:30', '0000-00-00 00:00:00', 1, 1),
(130, 49728, 'Al-Salmyah', 1, '2017-10-18 18:05:30', '0000-00-00 00:00:00', 1, 1),
(131, 49729, 'Al-Samir', 1, '2017-10-18 18:05:30', '0000-00-00 00:00:00', 1, 1),
(132, 49730, 'Al-Sanabel', 1, '2017-10-18 18:05:30', '0000-00-00 00:00:00', 1, 1),
(133, 49731, 'Al-Sarawat', 1, '2017-10-18 18:05:30', '0000-00-00 00:00:00', 1, 1),
(134, 49732, 'Al-Sawaed', 1, '2017-10-18 18:05:30', '0000-00-00 00:00:00', 1, 1),
(135, 49733, 'Al-Sharafiyah', 1, '2017-10-18 18:05:30', '0000-00-00 00:00:00', 1, 1),
(136, 49734, 'Al-Shati', 1, '2017-10-18 18:05:30', '0000-00-00 00:00:00', 1, 1),
(137, 49735, 'Al-Shefaa', 1, '2017-10-18 18:05:30', '0000-00-00 00:00:00', 1, 1),
(138, 49736, 'Al-Sheraa', 1, '2017-10-18 18:05:30', '0000-00-00 00:00:00', 1, 1),
(139, 49737, 'Al-Shifa', 1, '2017-10-18 18:05:30', '0000-00-00 00:00:00', 1, 1),
(140, 49738, 'Al-Shrouk', 1, '2017-10-18 18:05:30', '0000-00-00 00:00:00', 1, 1),
(141, 49739, 'Al-Sororyah', 1, '2017-10-18 18:05:30', '0000-00-00 00:00:00', 1, 1),
(142, 49740, 'Al-Sulai', 1, '2017-10-18 18:05:30', '0000-00-00 00:00:00', 1, 1),
(143, 49741, 'Al-Sulimaniyah', 1, '2017-10-18 18:05:30', '0000-00-00 00:00:00', 1, 1),
(144, 49742, 'Al-Sulimaniyah', 1, '2017-10-18 18:05:30', '0000-00-00 00:00:00', 1, 1),
(145, 49743, 'Al-Swaryee', 1, '2017-10-18 18:05:30', '0000-00-00 00:00:00', 1, 1),
(146, 49744, 'Al-Taawon', 1, '2017-10-18 18:05:30', '0000-00-00 00:00:00', 1, 1),
(147, 49745, 'Al-Tadamon', 1, '2017-10-18 18:05:30', '0000-00-00 00:00:00', 1, 1),
(148, 49746, 'Al-Tawfiq', 1, '2017-10-18 18:05:30', '0000-00-00 00:00:00', 1, 1),
(149, 49747, 'Al-Thaalibah', 1, '2017-10-18 18:05:30', '0000-00-00 00:00:00', 1, 1),
(150, 49748, 'Al-Thaghr', 1, '2017-10-18 18:05:30', '0000-00-00 00:00:00', 1, 1),
(151, 49749, 'Al-Thuryah', 1, '2017-10-18 18:05:30', '0000-00-00 00:00:00', 1, 1),
(152, 49750, 'Al-Ulaya', 1, '2017-10-18 18:05:30', '0000-00-00 00:00:00', 1, 1),
(153, 49751, 'Al-Ulaya', 1, '2017-10-18 18:05:30', '0000-00-00 00:00:00', 1, 1),
(154, 49752, 'Al-Ulayia', 1, '2017-10-18 18:05:30', '0000-00-00 00:00:00', 1, 1),
(155, 49753, 'Al-Wadi', 1, '2017-10-18 18:05:30', '0000-00-00 00:00:00', 1, 1),
(156, 49754, 'Al-Wahah', 1, '2017-10-18 18:05:30', '0000-00-00 00:00:00', 1, 1),
(157, 49755, 'Al-Waziriyah', 1, '2017-10-18 18:05:30', '0000-00-00 00:00:00', 1, 1),
(158, 49756, 'Al-Wurud', 1, '2017-10-18 18:05:30', '0000-00-00 00:00:00', 1, 1),
(159, 49757, 'Al-Wurud', 1, '2017-10-18 18:05:30', '0000-00-00 00:00:00', 1, 1),
(160, 49758, 'Al-Yaqoot', 1, '2017-10-18 18:05:30', '0000-00-00 00:00:00', 1, 1),
(161, 49759, 'Al-Zahra', 1, '2017-10-18 18:05:30', '0000-00-00 00:00:00', 1, 1),
(162, 49760, 'Al-Zomorod', 1, '2017-10-18 18:05:30', '0000-00-00 00:00:00', 1, 1),
(163, 49761, 'Ar Ranuna District', 1, '2017-10-18 18:05:30', '0000-00-00 00:00:00', 1, 1),
(164, 49762, 'Badaah', 1, '2017-10-18 18:05:30', '0000-00-00 00:00:00', 1, 1),
(165, 49763, 'Bahrah', 1, '2017-10-18 18:05:30', '0000-00-00 00:00:00', 1, 1),
(166, 49764, 'Bani Khidrah', 1, '2017-10-18 18:05:30', '0000-00-00 00:00:00', 1, 1),
(167, 49765, 'Bani Malik', 1, '2017-10-18 18:05:30', '0000-00-00 00:00:00', 1, 1),
(168, 49766, 'Batterjee Medical Collage', 1, '2017-10-18 18:05:30', '0000-00-00 00:00:00', 1, 1),
(169, 49767, 'Bryman', 1, '2017-10-18 18:05:30', '0000-00-00 00:00:00', 1, 1),
(170, 49768, 'Doha Al Janubiyah', 1, '2017-10-18 18:05:30', '0000-00-00 00:00:00', 1, 1),
(171, 49769, 'Durt Al-Arous', 1, '2017-10-18 18:05:30', '0000-00-00 00:00:00', 1, 1),
(172, 49770, 'East Al-Khat As-Sarei', 1, '2017-10-18 18:05:30', '0000-00-00 00:00:00', 1, 1),
(173, 49771, 'Egypt', 1, '2017-10-18 18:05:30', '0000-00-00 00:00:00', 1, 1),
(174, 49772, 'Emirates', 1, '2017-10-18 18:05:30', '0000-00-00 00:00:00', 1, 1),
(175, 49773, 'Exit 5', 1, '2017-10-18 18:05:30', '0000-00-00 00:00:00', 1, 1),
(176, 49774, 'Ghirnatah', 1, '2017-10-18 18:05:30', '0000-00-00 00:00:00', 1, 1),
(177, 49775, 'Ghulail', 1, '2017-10-18 18:05:30', '0000-00-00 00:00:00', 1, 1),
(178, 49776, 'Industrial Area', 1, '2017-10-18 18:05:30', '0000-00-00 00:00:00', 1, 1),
(179, 49777, 'Industrial Shakwn Road', 1, '2017-10-18 18:05:30', '0000-00-00 00:00:00', 1, 1),
(180, 49778, 'Ishbiliyah', 1, '2017-10-18 18:05:30', '0000-00-00 00:00:00', 1, 1),
(181, 49779, 'Jeddah Islamic Seaport', 1, '2017-10-18 18:05:30', '0000-00-00 00:00:00', 1, 1),
(182, 49780, 'Kilo 10', 1, '2017-10-18 18:05:30', '0000-00-00 00:00:00', 1, 1),
(183, 49781, 'Kilo 11', 1, '2017-10-18 18:05:30', '0000-00-00 00:00:00', 1, 1),
(184, 49782, 'Kilo 13', 1, '2017-10-18 18:05:30', '0000-00-00 00:00:00', 1, 1),
(185, 49783, 'Kilo 14', 1, '2017-10-18 18:05:30', '0000-00-00 00:00:00', 1, 1),
(186, 49784, 'Kilo 2', 1, '2017-10-18 18:05:30', '0000-00-00 00:00:00', 1, 1),
(187, 49785, 'Kilo 3', 1, '2017-10-18 18:05:30', '0000-00-00 00:00:00', 1, 1),
(188, 49786, 'Kilo 5', 1, '2017-10-18 18:05:30', '0000-00-00 00:00:00', 1, 1),
(189, 49787, 'Kilo 7', 1, '2017-10-18 18:05:30', '0000-00-00 00:00:00', 1, 1),
(190, 49788, 'Kilo 8', 1, '2017-10-18 18:05:30', '0000-00-00 00:00:00', 1, 1),
(191, 49789, 'King Abdulaziz International Airport', 1, '2017-10-18 18:05:30', '0000-00-00 00:00:00', 1, 1),
(192, 49790, 'King Abdulaziz Medical City', 1, '2017-10-18 18:05:30', '0000-00-00 00:00:00', 1, 1),
(193, 49791, 'King Abdulaziz University', 1, '2017-10-18 18:05:30', '0000-00-00 00:00:00', 1, 1),
(194, 49792, 'King Abdulla University', 1, '2017-10-18 18:05:30', '0000-00-00 00:00:00', 1, 1),
(195, 49793, 'King Fahd', 1, '2017-10-18 18:05:30', '0000-00-00 00:00:00', 1, 1),
(196, 49794, 'King Faisal Naval Base', 1, '2017-10-18 18:05:30', '0000-00-00 00:00:00', 1, 1),
(197, 49795, 'Madain Al-Fahd', 1, '2017-10-18 18:05:30', '0000-00-00 00:00:00', 1, 1),
(198, 49796, 'Mishrifah', 1, '2017-10-18 18:05:30', '0000-00-00 00:00:00', 1, 1),
(199, 49797, 'Mraykh', 1, '2017-10-18 18:05:30', '0000-00-00 00:00:00', 1, 1),
(200, 49798, 'National Guard', 1, '2017-10-18 18:05:30', '0000-00-00 00:00:00', 1, 1),
(201, 49799, 'Obhour Al-Janubiyah', 1, '2017-10-18 18:05:30', '0000-00-00 00:00:00', 1, 1),
(202, 49800, 'Obhour Al-Shamaliyah', 1, '2017-10-18 18:05:30', '0000-00-00 00:00:00', 1, 1),
(203, 49801, 'Petromin', 1, '2017-10-18 18:05:30', '0000-00-00 00:00:00', 1, 1),
(204, 49802, 'Prince Abdel Majeed', 1, '2017-10-18 18:05:30', '0000-00-00 00:00:00', 1, 1),
(205, 49803, 'Qurtuba', 1, '2017-10-18 18:05:30', '0000-00-00 00:00:00', 1, 1),
(206, 49804, 'Second Industrial City', 1, '2017-10-18 18:05:30', '0000-00-00 00:00:00', 1, 1),
(207, 49805, 'Taibah', 1, '2017-10-18 18:05:30', '0000-00-00 00:00:00', 1, 1),
(208, 49806, 'Um Alsalam', 1, '2017-10-18 18:05:30', '0000-00-00 00:00:00', 1, 1),
(209, 49807, 'Um Hableen', 1, '2017-10-18 18:05:30', '0000-00-00 00:00:00', 1, 1),
(210, 49808, 'Um Hableen', 1, '2017-10-18 18:05:30', '0000-00-00 00:00:00', 1, 1),
(211, 49809, 'Bir Uthman', 1, '2017-12-08 20:16:04', '0000-00-00 00:00:00', 1, 1),
(212, 49810, 'Al Ihn', 1, '2017-12-08 20:36:42', '0000-00-00 00:00:00', 1, 1),
(213, 49811, 'Al Mughaisilah', 1, '2017-12-08 21:02:00', '0000-00-00 00:00:00', 1, 1),
(214, 49812, 'Al-Olaya', 1, '2017-12-21 12:30:17', '0000-00-00 00:00:00', 1, 1),
(215, 49813, 'Madinat Al-Ummal', 1, '2017-12-21 12:50:37', '0000-00-00 00:00:00', 1, 1),
(216, 49814, 'test', 1, '2017-12-23 13:06:54', '0000-00-00 00:00:00', 1, 1),
(217, 49815, 'Al-Qiblatain', 1, '2017-12-31 14:54:36', '0000-00-00 00:00:00', 1, 1),
(218, 49816, 'Al-Mohammadiyah', 1, '2017-12-31 14:57:19', '0000-00-00 00:00:00', 1, 1),
(219, 49817, 'Al-Malqa', 1, '2017-12-31 14:57:37', '0000-00-00 00:00:00', 1, 1),
(220, 49818, 'AlMohammadiya', 1, '2017-12-31 15:50:39', '0000-00-00 00:00:00', 1, 1),
(221, 49819, 'AlKhaldiyah', 1, '2017-12-31 15:51:00', '0000-00-00 00:00:00', 1, 1),
(222, 49820, 'Alhajla', 1, '2017-12-31 19:19:05', '0000-00-00 00:00:00', 1, 1),
(223, 49821, 'Corniche Alkhobar', 1, '2018-01-05 22:00:35', '0000-00-00 00:00:00', 1, 1),
(224, 49822, 'Corniche Alshamali', 1, '2018-01-05 22:25:40', '0000-00-00 00:00:00', 1, 1),
(225, 49823, 'Almontazah', 1, '2018-01-05 23:02:18', '0000-00-00 00:00:00', 1, 1),
(226, 49824, 'Alomairiyah', 1, '2018-01-05 23:33:00', '0000-00-00 00:00:00', 1, 1),
(227, 49825, 'Alkhozama', 1, '2018-01-05 23:55:03', '0000-00-00 00:00:00', 1, 1),
(228, 49826, 'Alyahya', 1, '2018-01-06 00:01:34', '0000-00-00 00:00:00', 1, 1),
(229, 49827, 'Almasiaf', 1, '2018-01-06 00:19:00', '0000-00-00 00:00:00', 1, 1),
(230, 49828, 'Sedair', 1, '2018-01-06 00:29:49', '0000-00-00 00:00:00', 1, 1),
(231, 49829, 'Alnoqra', 1, '2018-01-06 00:36:28', '0000-00-00 00:00:00', 1, 1),
(232, 49830, 'Al Worood', 1, '2018-01-06 21:52:27', '0000-00-00 00:00:00', 1, 1),
(233, 49831, 'Aljabriya', 1, '2018-01-06 22:10:34', '0000-00-00 00:00:00', 1, 1),
(234, 49832, 'AlShati AlGharbi', 1, '2018-01-07 12:55:05', '0000-00-00 00:00:00', 1, 1),
(235, 49833, 'Al Dirah', 1, '2018-01-07 18:32:05', '0000-00-00 00:00:00', 1, 1),
(236, 49834, 'Dhahrat Laban', 1, '2018-01-09 01:48:48', '0000-00-00 00:00:00', 1, 1),
(237, 49835, 'As Salam', 1, '2018-01-09 01:50:58', '0000-00-00 00:00:00', 1, 1),
(238, 49836, 'Al Samad', 1, '2018-01-09 02:34:51', '0000-00-00 00:00:00', 1, 1),
(239, 49837, 'Al Hizam Al Thahabi', 1, '2018-01-09 02:48:35', '0000-00-00 00:00:00', 1, 1),
(240, 49838, 'Al Anud', 1, '2018-01-09 03:03:58', '0000-00-00 00:00:00', 1, 1),
(241, 49839, 'Al-Shawqiah,', 1, '2018-01-19 22:05:33', '0000-00-00 00:00:00', 1, 1),
(242, 49840, 'Al-Rusaifah', 1, '2018-01-19 22:06:27', '0000-00-00 00:00:00', 1, 1),
(243, 49841, 'Al Awali', 1, '2018-02-08 15:45:02', '0000-00-00 00:00:00', 1, 1),
(244, 49842, 'Al Naziyah', 1, '2018-02-08 15:46:59', '0000-00-00 00:00:00', 1, 1),
(245, 49843, 'Al Wasita', 1, '2018-02-12 17:06:27', '0000-00-00 00:00:00', 1, 1),
(246, 49844, 'Al-Shabeka', 1, '2018-02-28 14:07:31', '0000-00-00 00:00:00', 1, 1),
(247, 49845, 'Yunbu Al Bahar', 1, '2018-02-28 14:11:09', '0000-00-00 00:00:00', 1, 1),
(248, 49846, 'Al-Shohada', 1, '2018-03-05 15:52:06', '0000-00-00 00:00:00', 1, 1),
(249, 49847, 'Al-Aziziya', 1, '2018-03-05 16:04:19', '0000-00-00 00:00:00', 1, 1),
(250, 49848, 'Shihar', 1, '2018-03-05 16:10:04', '0000-00-00 00:00:00', 1, 1),
(251, 49849, 'Al Hawia', 1, '2018-03-05 16:24:41', '0000-00-00 00:00:00', 1, 1),
(252, 49850, 'Corniche El Nile', 1, '2018-03-27 14:08:28', '0000-00-00 00:00:00', 1, 1),
(253, 49851, 'Al Taqwa', 1, '2018-04-26 16:23:36', '0000-00-00 00:00:00', 1, 1),
(254, 49852, 'Al Sharqiyah', 1, '2018-04-26 16:35:32', '0000-00-00 00:00:00', 1, 1),
(255, 49853, 'Al-Faihaa', 1, '2018-07-02 18:37:43', '0000-00-00 00:00:00', 1, 1),
(256, 49854, 'Al Aridh', 1, '2018-07-09 14:51:53', '0000-00-00 00:00:00', 1, 1),
(257, 49855, 'Al-Rayyan', 1, '2018-07-09 18:22:30', '0000-00-00 00:00:00', 1, 1),
(258, 49856, 'Al-Washaha', 1, '2018-07-11 18:39:42', '0000-00-00 00:00:00', 1, 1),
(259, 49857, 'Al Manar', 1, '2018-07-11 18:58:22', '0000-00-00 00:00:00', 1, 1),
(260, 49858, 'AlNuzhah', 1, '2018-07-19 15:46:03', '0000-00-00 00:00:00', 1, 1),
(261, 49859, 'Al Mathar Alshamali', 1, '2018-07-19 16:02:17', '0000-00-00 00:00:00', 1, 1),
(262, 49860, 'Hittin', 1, '2018-07-19 16:24:18', '0000-00-00 00:00:00', 1, 1),
(263, 49861, 'AlRabwah', 1, '2018-07-23 16:59:55', '0000-00-00 00:00:00', 1, 1),
(264, 49862, 'King Abdulaziz Road', 1, '2018-07-23 17:04:45', '0000-00-00 00:00:00', 1, 1),
(265, 49863, 'King Faisal Road', 1, '2018-07-23 17:07:39', '0000-00-00 00:00:00', 1, 1),
(266, 49864, 'Alnamas', 1, '2018-07-23 17:15:01', '0000-00-00 00:00:00', 1, 1),
(267, 49865, 'Al-Shuhada', 1, '2018-07-25 15:55:29', '0000-00-00 00:00:00', 1, 1),
(268, 49866, 'Al-Badi', 1, '2018-07-25 16:51:23', '0000-00-00 00:00:00', 1, 1),
(269, 49867, 'Um Al Hamam Al Sharqi', 1, '2018-08-28 13:44:22', '0000-00-00 00:00:00', 1, 1),
(270, 49868, 'Adama', 1, '2018-08-28 14:00:32', '0000-00-00 00:00:00', 1, 1),
(271, 49869, 'Al-Jubail Al Balad', 1, '2018-08-28 14:09:11', '0000-00-00 00:00:00', 1, 1),
(272, 49870, 'Um Sarar', 1, '2018-08-28 14:15:41', '0000-00-00 00:00:00', 1, 1),
(273, 49871, 'Al Andalus', 1, '2018-08-28 16:34:12', '0000-00-00 00:00:00', 1, 1),
(274, 49872, 'Al Hamra', 1, '2018-09-11 17:10:44', '0000-00-00 00:00:00', 1, 1),
(275, 49873, 'Al-Tahlia', 1, '2018-09-13 13:41:16', '0000-00-00 00:00:00', 1, 1),
(276, 49874, 'Al Sharae', 1, '2018-10-18 19:01:54', '0000-00-00 00:00:00', 1, 1),
(277, 49875, 'Al Zahir', 1, '2018-10-18 19:02:20', '0000-00-00 00:00:00', 1, 1),
(278, 49876, 'Al Noriya', 1, '2018-10-18 19:02:45', '0000-00-00 00:00:00', 1, 1),
(279, 49877, 'Al Matar', 1, '2018-10-30 14:39:55', '0000-00-00 00:00:00', 1, 1),
(280, 49878, 'Al Rabwa', 1, '2018-10-30 14:50:24', '0000-00-00 00:00:00', 1, 1),
(281, 49879, 'Dhahban', 1, '2018-10-31 17:14:41', '0000-00-00 00:00:00', 1, 1),
(282, 49880, 'Al Khaldiyah', 1, '2019-01-01 15:22:25', '0000-00-00 00:00:00', 1, 1),
(283, 49881, 'AlKhalidiyah', 1, '2019-01-01 15:48:46', '0000-00-00 00:00:00', 1, 1),
(284, 49882, 'AlHada', 1, '2019-01-01 17:14:34', '0000-00-00 00:00:00', 1, 1),
(285, 49883, 'AlOlaya', 1, '2019-01-02 15:50:37', '0000-00-00 00:00:00', 1, 1),
(286, 49884, 'Scheme 5', 1, '2019-01-02 16:32:06', '0000-00-00 00:00:00', 1, 1),
(287, 49885, 'Ajyad', 1, '2019-01-02 17:25:22', '0000-00-00 00:00:00', 1, 1),
(288, 49886, 'Al Rawabi', 1, '2019-01-02 18:17:53', '0000-00-00 00:00:00', 1, 1),
(289, 49887, 'Block 257', 1, '2019-01-07 15:45:21', '0000-00-00 00:00:00', 1, 1),
(290, 49888, 'Al Badi', 1, '2019-01-31 18:40:27', '0000-00-00 00:00:00', 1, 1),
(291, 49889, 'Al Subaieya', 1, '2019-01-31 18:54:26', '0000-00-00 00:00:00', 1, 1),
(292, 49890, 'Al Bishr', 1, '2019-01-31 19:27:21', '0000-00-00 00:00:00', 1, 1),
(293, 49891, 'Maashi', 1, '2019-02-14 14:03:13', '0000-00-00 00:00:00', 1, 1),
(294, 49892, 'Al Jam\'ah', 1, '2019-02-26 18:34:11', '0000-00-00 00:00:00', 1, 1),
(295, 49893, 'Al Hejra', 1, '2019-03-03 17:29:47', '0000-00-00 00:00:00', 1, 1),
(296, 49894, 'Al Hajlah', 1, '2019-03-14 19:43:56', '0000-00-00 00:00:00', 1, 1),
(297, 49895, 'Al Zarqa', 1, '2019-03-20 13:53:02', '0000-00-00 00:00:00', 1, 1),
(298, 49896, 'Al Faisaliyah', 1, '2019-03-20 15:17:45', '0000-00-00 00:00:00', 1, 1),
(299, 49897, 'Al-Matar', 1, '2019-03-20 15:58:13', '0000-00-00 00:00:00', 1, 1),
(300, 49898, 'Mahayil Aseer', 1, '2019-03-20 19:06:13', '0000-00-00 00:00:00', 1, 1),
(301, 49899, 'Al-Khaldiyah', 1, '2019-03-20 19:25:11', '0000-00-00 00:00:00', 1, 1),
(302, 49900, 'Al Mazruiyah', 1, '2019-03-24 14:02:46', '0000-00-00 00:00:00', 1, 1),
(303, 49901, 'Atod', 1, '2019-03-24 14:41:58', '0000-00-00 00:00:00', 1, 1),
(304, 49902, 'Al Fahad', 1, '2019-03-24 15:32:14', '0000-00-00 00:00:00', 1, 1),
(305, 49903, 'Al Qutbiya', 1, '2019-04-02 19:10:55', '0000-00-00 00:00:00', 1, 1),
(306, 49904, 'Quba', 1, '2019-04-04 18:13:13', '0000-00-00 00:00:00', 1, 1),
(307, 49905, 'Al Khalidiyah', 1, '2019-04-18 16:39:32', '0000-00-00 00:00:00', 1, 1),
(308, 49906, 'Al Aziziah', 1, '2019-05-14 16:40:44', '0000-00-00 00:00:00', 1, 1),
(309, 49907, 'Al Mawdhfen', 1, '2019-05-14 16:41:22', '0000-00-00 00:00:00', 1, 1),
(310, 1388, 'عباس العقاد', 2, '2017-12-07 18:21:42', '0000-00-00 00:00:00', 1, 1),
(311, 1389, 'العقيق', 2, '2017-12-07 18:21:42', '0000-00-00 00:00:00', 1, 1),
(312, 1390, 'الفاروق', 2, '2017-12-07 18:21:42', '0000-00-00 00:00:00', 1, 1),
(313, 1391, 'الحواليات', 2, '2017-12-07 18:21:42', '0000-00-00 00:00:00', 1, 1),
(314, 1392, 'الإسكان', 2, '2017-12-07 18:21:42', '0000-00-00 00:00:00', 1, 1),
(315, 1393, 'النخيل', 2, '2017-12-07 18:21:42', '0000-00-00 00:00:00', 1, 1),
(317, 1395, 'شظاة الدائري', 2, '2017-12-07 18:21:42', '0000-00-00 00:00:00', 1, 1),
(318, 49607, 'عبدالله فؤاد', 2, '2017-10-18 18:05:29', '0000-00-00 00:00:00', 1, 1),
(319, 49608, 'أبرق الرغامة', 2, '2017-10-18 18:05:29', '0000-00-00 00:00:00', 1, 1),
(320, 49609, 'الغدير\r\n', 2, '2017-10-18 18:05:29', '0000-00-00 00:00:00', 1, 1),
(321, 49610, 'الكوثر\r\n', 2, '2017-10-18 18:05:29', '0000-00-00 00:00:00', 1, 1),
(322, 49611, 'الخبر الجنوبية\r\n', 2, '2017-10-18 18:05:29', '0000-00-00 00:00:00', 1, 1),
(323, 49612, 'الخبر الشمالية\r\n', 2, '2017-10-18 18:05:29', '0000-00-00 00:00:00', 1, 1),
(324, 49613, 'المناخة\r\n', 2, '2017-10-18 18:05:29', '0000-00-00 00:00:00', 1, 1),
(325, 49614, 'المناخة\r\n', 2, '2017-10-18 18:05:29', '0000-00-00 00:00:00', 1, 1),
(326, 49615, 'المغرزات\r\n', 2, '2017-10-18 18:05:29', '0000-00-00 00:00:00', 1, 1),
(327, 49616, 'النزلة الشرقية\r\n', 2, '2017-10-18 18:05:29', '0000-00-00 00:00:00', 1, 1),
(328, 49617, 'الرس\r\n', 2, '2017-10-18 18:05:29', '0000-00-00 00:00:00', 1, 1),
(329, 49618, 'الصحافة\r\n', 2, '2017-10-18 18:05:29', '0000-00-00 00:00:00', 1, 1),
(330, 49619, 'السلام\r\n', 2, '2017-10-18 18:05:29', '0000-00-00 00:00:00', 1, 1),
(331, 49620, 'الشاطئ الشرقي\r\n', 2, '2017-10-18 18:05:29', '0000-00-00 00:00:00', 1, 1),
(332, 49621, 'العليا\r\n', 2, '2017-10-18 18:05:29', '0000-00-00 00:00:00', 1, 1),
(333, 49622, 'الوادي\r\n', 2, '2017-10-18 18:05:29', '0000-00-00 00:00:00', 1, 1),
(334, 49623, 'الواحة\r\n', 2, '2017-10-18 18:05:29', '0000-00-00 00:00:00', 1, 1),
(335, 49624, 'اليرموك\r\n', 2, '2017-10-18 18:05:29', '0000-00-00 00:00:00', 1, 1),
(336, 49625, 'الياسمين\r\n', 2, '2017-10-18 18:05:29', '0000-00-00 00:00:00', 1, 1),
(337, 49626, 'العدل\r\n', 2, '2017-10-18 18:05:29', '0000-00-00 00:00:00', 1, 1),
(338, 49627, 'الأجاويد\r\n', 2, '2017-10-18 18:05:29', '0000-00-00 00:00:00', 1, 1),
(339, 49628, 'الأجواد\r\n', 2, '2017-10-18 18:05:29', '0000-00-00 00:00:00', 1, 1),
(340, 49629, 'الأمير فواز الجنوبي\r\n', 2, '2017-10-18 18:05:29', '0000-00-00 00:00:00', 1, 1),
(341, 49630, 'الأمير فواز الشمالي\r\n', 2, '2017-10-18 18:05:29', '0000-00-00 00:00:00', 1, 1),
(342, 49631, 'العمارية\r\n', 2, '2017-10-18 18:05:29', '0000-00-00 00:00:00', 1, 1),
(343, 49632, 'الأمواج\r\n', 2, '2017-10-18 18:05:29', '0000-00-00 00:00:00', 1, 1),
(344, 49633, 'الأندلس\r\n', 2, '2017-10-18 18:05:29', '0000-00-00 00:00:00', 1, 1),
(345, 49634, 'الأصالة\r\n', 2, '2017-10-18 18:05:29', '0000-00-00 00:00:00', 1, 1),
(346, 49635, 'العزيزية\r\n', 2, '2017-10-18 18:05:29', '0000-00-00 00:00:00', 1, 1),
(347, 49636, 'البديعة\r\n', 2, '2017-10-18 18:05:29', '0000-00-00 00:00:00', 1, 1),
(348, 49637, 'البغدادية الغربية\r\n', 2, '2017-10-18 18:05:29', '0000-00-00 00:00:00', 1, 1),
(349, 49638, 'البغدادية الشرقية\r\n', 2, '2017-10-18 18:05:29', '0000-00-00 00:00:00', 1, 1),
(350, 49639, 'البلد\r\n', 2, '2017-10-18 18:05:29', '0000-00-00 00:00:00', 1, 1),
(351, 49640, 'البركة\r\n', 2, '2017-10-18 18:05:29', '0000-00-00 00:00:00', 1, 1),
(352, 49641, 'البساتين\r\n', 2, '2017-10-18 18:05:29', '0000-00-00 00:00:00', 1, 1),
(353, 49642, 'البشائر\r\n', 2, '2017-10-18 18:05:29', '0000-00-00 00:00:00', 1, 1),
(354, 49643, 'البوادي\r\n', 2, '2017-10-18 18:05:29', '0000-00-00 00:00:00', 1, 1),
(355, 49644, 'البيلسان\r\n', 2, '2017-10-18 18:05:29', '0000-00-00 00:00:00', 1, 1),
(356, 49645, 'الكورنيش\r\n', 2, '2017-10-18 18:05:29', '0000-00-00 00:00:00', 1, 1),
(357, 49646, 'الضاحية\r\n', 2, '2017-10-18 18:05:29', '0000-00-00 00:00:00', 1, 1),
(358, 49647, 'الظهران\r\n', 2, '2017-10-18 18:05:29', '0000-00-00 00:00:00', 1, 1),
(359, 49648, 'الإزدهار\r\n', 2, '2017-10-18 18:05:29', '0000-00-00 00:00:00', 1, 1),
(360, 49649, 'الفضل\r\n', 2, '2017-10-18 18:05:29', '0000-00-00 00:00:00', 1, 1),
(361, 49650, 'الفضيلة\r\n', 2, '2017-10-18 18:05:29', '0000-00-00 00:00:00', 1, 1),
(362, 49651, 'الفيحاء\r\n', 2, '2017-10-18 18:05:29', '0000-00-00 00:00:00', 1, 1),
(363, 49652, 'الفيصلية\r\n', 2, '2017-10-18 18:05:29', '0000-00-00 00:00:00', 1, 1),
(364, 49653, 'الفلاح\r\n', 2, '2017-10-18 18:05:29', '0000-00-00 00:00:00', 1, 1),
(365, 49654, 'الفاروق\r\n', 2, '2017-10-18 18:05:29', '0000-00-00 00:00:00', 1, 1),
(366, 49655, 'الفردوس\r\n', 2, '2017-10-18 18:05:29', '0000-00-00 00:00:00', 1, 1),
(367, 49656, 'الفروسية\r\n', 2, '2017-10-18 18:05:29', '0000-00-00 00:00:00', 1, 1),
(368, 49657, 'الغدير\r\n', 2, '2017-10-18 18:05:29', '0000-00-00 00:00:00', 1, 1),
(369, 49658, 'الهدى\r\n', 2, '2017-10-18 18:05:29', '0000-00-00 00:00:00', 1, 1),
(370, 49659, 'الهدراء\r\n', 2, '2017-10-18 18:05:29', '0000-00-00 00:00:00', 1, 1),
(371, 49660, 'الحمدانية\r\n', 2, '2017-10-18 18:05:29', '0000-00-00 00:00:00', 1, 1),
(372, 49661, 'الحمراء\r\n', 2, '2017-10-18 18:05:29', '0000-00-00 00:00:00', 1, 1),
(373, 49662, 'الحمراء\r\n', 2, '2017-10-18 18:05:29', '0000-00-00 00:00:00', 1, 1),
(374, 49663, 'الحرمين\r\n', 2, '2017-10-18 18:05:29', '0000-00-00 00:00:00', 1, 1),
(375, 49664, 'الحرزات\r\n', 2, '2017-10-18 18:05:29', '0000-00-00 00:00:00', 1, 1),
(376, 49665, 'الحناكي\r\n', 2, '2017-10-18 18:05:29', '0000-00-00 00:00:00', 1, 1),
(377, 49666, 'الهنداوية\r\n', 2, '2017-10-18 18:05:29', '0000-00-00 00:00:00', 1, 1),
(378, 49667, 'الإسكان الجنوبي\r\n', 2, '2017-10-18 18:05:29', '0000-00-00 00:00:00', 1, 1),
(379, 49668, 'الجامعة\r\n', 2, '2017-10-18 18:05:29', '0000-00-00 00:00:00', 1, 1),
(380, 49669, 'الجواد\r\n', 2, '2017-10-18 18:05:29', '0000-00-00 00:00:00', 1, 1),
(381, 49670, 'الجوهرة\r\n', 2, '2017-10-18 18:05:29', '0000-00-00 00:00:00', 1, 1),
(382, 49671, 'الجزيرة\r\n', 2, '2017-10-18 18:05:29', '0000-00-00 00:00:00', 1, 1),
(383, 49672, 'الكندرة\r\n', 2, '2017-10-18 18:05:29', '0000-00-00 00:00:00', 1, 1),
(384, 49673, 'الكرامة\r\n', 2, '2017-10-18 18:05:29', '0000-00-00 00:00:00', 1, 1),
(385, 49674, 'الكوثر\r\n', 2, '2017-10-18 18:05:29', '0000-00-00 00:00:00', 1, 1),
(386, 49675, 'الخالدية\r\n', 2, '2017-10-18 18:05:29', '0000-00-00 00:00:00', 1, 1),
(387, 49676, 'الخاسكية\r\n', 2, '2017-10-18 18:05:29', '0000-00-00 00:00:00', 1, 1),
(388, 49677, 'الخمرة\r\n', 2, '2017-10-18 18:05:29', '0000-00-00 00:00:00', 1, 1),
(389, 49678, 'اللؤلؤ\r\n', 2, '2017-10-18 18:05:29', '0000-00-00 00:00:00', 1, 1),
(390, 49679, 'المعذر الشمالي\r\n', 2, '2017-10-18 18:05:29', '0000-00-00 00:00:00', 1, 1),
(391, 49680, 'المحجر\r\n', 2, '2017-10-18 18:05:29', '0000-00-00 00:00:00', 1, 1),
(392, 49681, 'الماجد\r\n', 2, '2017-10-18 18:05:29', '0000-00-00 00:00:00', 1, 1),
(393, 49682, 'الملز\r\n', 2, '2017-10-18 18:05:29', '0000-00-00 00:00:00', 1, 1),
(394, 49683, 'المنار\r\n', 2, '2017-10-18 18:05:29', '0000-00-00 00:00:00', 1, 1),
(395, 49684, 'المروة\r\n', 2, '2017-10-18 18:05:29', '0000-00-00 00:00:00', 1, 1),
(396, 49685, 'المسرة\r\n', 2, '2017-10-18 18:05:29', '0000-00-00 00:00:00', 1, 1),
(397, 49686, 'المطار القديم\r\n', 2, '2017-10-18 18:05:29', '0000-00-00 00:00:00', 1, 1),
(398, 49687, 'المنتزة\r\n', 2, '2017-10-18 18:05:29', '0000-00-00 00:00:00', 1, 1),
(399, 49688, 'المساعدية\r\n', 2, '2017-10-18 18:05:29', '0000-00-00 00:00:00', 1, 1),
(400, 49689, 'المليساء\r\n', 2, '2017-10-18 18:05:30', '0000-00-00 00:00:00', 1, 1),
(401, 49690, 'المحمدية\r\n', 2, '2017-10-18 18:05:30', '0000-00-00 00:00:00', 1, 1),
(402, 49691, 'المرجان\r\n', 2, '2017-10-18 18:05:30', '0000-00-00 00:00:00', 1, 1),
(403, 49692, 'المروج\r\n', 2, '2017-10-18 18:05:30', '0000-00-00 00:00:00', 1, 1),
(404, 49693, 'المتنزهات\r\n', 2, '2017-10-18 18:05:30', '0000-00-00 00:00:00', 1, 1),
(405, 49694, 'حى الندى\r\n', 2, '2017-10-18 18:05:30', '0000-00-00 00:00:00', 1, 1),
(406, 49695, 'النهضة\r\n', 2, '2017-10-18 18:05:30', '0000-00-00 00:00:00', 1, 1),
(407, 49696, 'النعيم\r\n', 2, '2017-10-18 18:05:30', '0000-00-00 00:00:00', 1, 1),
(408, 49697, 'النخيل\r\n', 2, '2017-10-18 18:05:30', '0000-00-00 00:00:00', 1, 1),
(409, 49698, 'النسيم\r\n', 2, '2017-10-18 18:05:30', '0000-00-00 00:00:00', 1, 1),
(410, 49699, 'النزلة اليمانية\r\n', 2, '2017-10-18 18:05:30', '0000-00-00 00:00:00', 1, 1),
(411, 49700, 'النزهة\r\n', 2, '2017-10-18 18:05:30', '0000-00-00 00:00:00', 1, 1),
(412, 49701, 'القوزين\r\n', 2, '2017-10-18 18:05:30', '0000-00-00 00:00:00', 1, 1),
(413, 49702, 'القرينية\r\n', 2, '2017-10-18 18:05:30', '0000-00-00 00:00:00', 1, 1),
(414, 49703, 'القريات\r\n', 2, '2017-10-18 18:05:30', '0000-00-00 00:00:00', 1, 1),
(415, 49704, 'الربيع\r\n', 2, '2017-10-18 18:05:30', '0000-00-00 00:00:00', 1, 1),
(416, 49705, 'الربيع\r\n', 2, '2017-10-18 18:05:30', '0000-00-00 00:00:00', 1, 1),
(417, 49706, 'الربيع\r\n', 2, '2017-10-18 18:05:30', '0000-00-00 00:00:00', 1, 1),
(418, 49707, 'الربوة\r\n', 2, '2017-10-18 18:05:30', '0000-00-00 00:00:00', 1, 1),
(419, 49708, 'الربوة\r\n', 2, '2017-10-18 18:05:30', '0000-00-00 00:00:00', 1, 1),
(420, 49709, 'الرحمة\r\n', 2, '2017-10-18 18:05:30', '0000-00-00 00:00:00', 1, 1),
(421, 49710, 'الرحمانية\r\n', 2, '2017-10-18 18:05:30', '0000-00-00 00:00:00', 1, 1),
(422, 49711, 'الرحمانية\r\n', 2, '2017-10-18 18:05:30', '0000-00-00 00:00:00', 1, 1),
(423, 49712, 'الروابي\r\n', 2, '2017-10-18 18:05:30', '0000-00-00 00:00:00', 1, 1),
(424, 49713, 'الروضة\r\n', 2, '2017-10-18 18:05:30', '0000-00-00 00:00:00', 1, 1),
(425, 49714, 'الروضة\r\n', 2, '2017-10-18 18:05:30', '0000-00-00 00:00:00', 1, 1),
(426, 49715, 'الريان\r\n', 2, '2017-10-18 18:05:30', '0000-00-00 00:00:00', 1, 1),
(427, 49716, 'الريان\r\n', 2, '2017-10-18 18:05:30', '0000-00-00 00:00:00', 1, 1),
(428, 49717, 'الرحيلي\r\n', 2, '2017-10-18 18:05:30', '0000-00-00 00:00:00', 1, 1),
(429, 49718, 'الرحاب\r\n', 2, '2017-10-18 18:05:30', '0000-00-00 00:00:00', 1, 1),
(430, 49719, 'الرياض\r\n', 2, '2017-10-18 18:05:30', '0000-00-00 00:00:00', 1, 1),
(431, 49720, 'الرويس\r\n', 2, '2017-10-18 18:05:30', '0000-00-00 00:00:00', 1, 1),
(432, 49721, 'السبيل\r\n', 2, '2017-10-18 18:05:30', '0000-00-00 00:00:00', 1, 1),
(433, 49722, 'الصفا\r\n', 2, '2017-10-18 18:05:30', '0000-00-00 00:00:00', 1, 1),
(434, 49723, 'الصحيفة\r\n', 2, '2017-10-18 18:05:30', '0000-00-00 00:00:00', 1, 1),
(435, 49724, 'الساحل\r\n', 2, '2017-10-18 18:05:30', '0000-00-00 00:00:00', 1, 1),
(436, 49725, 'السلام\r\n', 2, '2017-10-18 18:05:30', '0000-00-00 00:00:00', 1, 1),
(437, 49726, 'السلامة\r\n', 2, '2017-10-18 18:05:30', '0000-00-00 00:00:00', 1, 1),
(438, 49727, 'الصالحية\r\n', 2, '2017-10-18 18:05:30', '0000-00-00 00:00:00', 1, 1),
(439, 49728, 'السالمية\r\n', 2, '2017-10-18 18:05:30', '0000-00-00 00:00:00', 1, 1),
(440, 49729, 'السامر\r\n', 2, '2017-10-18 18:05:30', '0000-00-00 00:00:00', 1, 1),
(441, 49730, 'السنابل\r\n', 2, '2017-10-18 18:05:30', '0000-00-00 00:00:00', 1, 1),
(442, 49731, 'السروات\r\n', 2, '2017-10-18 18:05:30', '0000-00-00 00:00:00', 1, 1),
(443, 49732, 'الصواعد\r\n', 2, '2017-10-18 18:05:30', '0000-00-00 00:00:00', 1, 1),
(444, 49733, 'الشرفية\r\n', 2, '2017-10-18 18:05:30', '0000-00-00 00:00:00', 1, 1),
(445, 49734, 'الشاطئ\r\n', 2, '2017-10-18 18:05:30', '0000-00-00 00:00:00', 1, 1),
(446, 49735, 'الشفا\r\n', 2, '2017-10-18 18:05:30', '0000-00-00 00:00:00', 1, 1),
(447, 49736, 'الشراع\r\n', 2, '2017-10-18 18:05:30', '0000-00-00 00:00:00', 1, 1),
(448, 49737, 'الشفا\r\n', 2, '2017-10-18 18:05:30', '0000-00-00 00:00:00', 1, 1),
(449, 49738, 'الشروق\r\n', 2, '2017-10-18 18:05:30', '0000-00-00 00:00:00', 1, 1),
(450, 49739, 'السرورية\r\n', 2, '2017-10-18 18:05:30', '0000-00-00 00:00:00', 1, 1),
(451, 49740, 'السلي\r\n', 2, '2017-10-18 18:05:30', '0000-00-00 00:00:00', 1, 1),
(452, 49741, 'السليمانية\r\n', 2, '2017-10-18 18:05:30', '0000-00-00 00:00:00', 1, 1),
(453, 49742, 'السليمانية\r\n', 2, '2017-10-18 18:05:30', '0000-00-00 00:00:00', 1, 1),
(454, 49743, 'الصواري\r\n', 2, '2017-10-18 18:05:30', '0000-00-00 00:00:00', 1, 1),
(455, 49744, 'التعاون\r\n', 2, '2017-10-18 18:05:30', '0000-00-00 00:00:00', 1, 1),
(456, 49745, 'التضامن\r\n', 2, '2017-10-18 18:05:30', '0000-00-00 00:00:00', 1, 1),
(457, 49746, 'التوفيق\r\n', 2, '2017-10-18 18:05:30', '0000-00-00 00:00:00', 1, 1),
(458, 49747, 'الثعالبة\r\n', 2, '2017-10-18 18:05:30', '0000-00-00 00:00:00', 1, 1),
(459, 49748, 'الثغر\r\n', 2, '2017-10-18 18:05:30', '0000-00-00 00:00:00', 1, 1),
(460, 49749, 'الثريا\r\n', 2, '2017-10-18 18:05:30', '0000-00-00 00:00:00', 1, 1),
(461, 49750, 'العليا\r\n', 2, '2017-10-18 18:05:30', '0000-00-00 00:00:00', 1, 1),
(462, 49751, 'العليا\r\n', 2, '2017-10-18 18:05:30', '0000-00-00 00:00:00', 1, 1),
(463, 49752, 'العليا\r\n', 2, '2017-10-18 18:05:30', '0000-00-00 00:00:00', 1, 1),
(464, 49753, 'الوادي\r\n', 2, '2017-10-18 18:05:30', '0000-00-00 00:00:00', 1, 1),
(465, 49754, 'الواحة\r\n', 2, '2017-10-18 18:05:30', '0000-00-00 00:00:00', 1, 1),
(466, 49755, 'الوزيريه\r\n', 2, '2017-10-18 18:05:30', '0000-00-00 00:00:00', 1, 1),
(467, 49756, 'الورود\r\n', 2, '2017-10-18 18:05:30', '0000-00-00 00:00:00', 1, 1),
(468, 49757, 'الورود\r\n', 2, '2017-10-18 18:05:30', '0000-00-00 00:00:00', 1, 1),
(469, 49758, 'الياقوت\r\n', 2, '2017-10-18 18:05:30', '0000-00-00 00:00:00', 1, 1),
(470, 49759, 'الزهراء\r\n', 2, '2017-10-18 18:05:30', '0000-00-00 00:00:00', 1, 1),
(471, 49760, 'الزمرد\r\n', 2, '2017-10-18 18:05:30', '0000-00-00 00:00:00', 1, 1),
(472, 49761, 'حي الرنونة\r\n', 2, '2017-10-18 18:05:30', '0000-00-00 00:00:00', 1, 1),
(473, 49762, 'بضاعة\r\n', 2, '2017-10-18 18:05:30', '0000-00-00 00:00:00', 1, 1),
(474, 49763, 'بحرة\r\n', 2, '2017-10-18 18:05:30', '0000-00-00 00:00:00', 1, 1),
(475, 49764, 'بني خدرة\r\n', 2, '2017-10-18 18:05:30', '0000-00-00 00:00:00', 1, 1),
(476, 49765, 'بنى مالك\r\n', 2, '2017-10-18 18:05:30', '0000-00-00 00:00:00', 1, 1),
(477, 49766, 'كلية البترجي الطبية\r\n', 2, '2017-10-18 18:05:30', '0000-00-00 00:00:00', 1, 1),
(478, 49767, 'بريمان\r\n', 2, '2017-10-18 18:05:30', '0000-00-00 00:00:00', 1, 1),
(479, 49768, 'الدوحة الجنوبية\r\n', 2, '2017-10-18 18:05:30', '0000-00-00 00:00:00', 1, 1),
(480, 49769, 'درة العروس\r\n', 2, '2017-10-18 18:05:30', '0000-00-00 00:00:00', 1, 1),
(481, 49770, 'شرق الخط السريع\r\n', 2, '2017-10-18 18:05:30', '0000-00-00 00:00:00', 1, 1),
(482, 49771, 'مصر\r\n', 2, '2017-10-18 18:05:30', '0000-00-00 00:00:00', 1, 1),
(483, 49772, 'الامارات\r\n', 2, '2017-10-18 18:05:30', '0000-00-00 00:00:00', 1, 1),
(484, 49773, 'مخرج ٥\r\n', 2, '2017-10-18 18:05:30', '0000-00-00 00:00:00', 1, 1),
(485, 49774, 'غرناطة\r\n', 2, '2017-10-18 18:05:30', '0000-00-00 00:00:00', 1, 1),
(486, 49775, 'غليل\r\n', 2, '2017-10-18 18:05:30', '0000-00-00 00:00:00', 1, 1),
(487, 49776, 'المنطقة الصناعية\r\n', 2, '2017-10-18 18:05:30', '0000-00-00 00:00:00', 1, 1),
(488, 49777, 'طريق شكوان الصناعية\r\n', 2, '2017-10-18 18:05:30', '0000-00-00 00:00:00', 1, 1),
(489, 49778, 'اشبيلية\r\n', 2, '2017-10-18 18:05:30', '0000-00-00 00:00:00', 1, 1),
(490, 49779, 'ميناء جدة الاسلامى\r\n', 2, '2017-10-18 18:05:30', '0000-00-00 00:00:00', 1, 1),
(491, 49780, 'كيلو 10\r\n', 2, '2017-10-18 18:05:30', '0000-00-00 00:00:00', 1, 1),
(492, 49781, 'كيلو 11\r\n', 2, '2017-10-18 18:05:30', '0000-00-00 00:00:00', 1, 1),
(493, 49782, 'كيلو 13\r\n', 2, '2017-10-18 18:05:30', '0000-00-00 00:00:00', 1, 1),
(494, 49783, 'كيلو 14\r\n', 2, '2017-10-18 18:05:30', '0000-00-00 00:00:00', 1, 1),
(495, 49784, 'كيلو 2\r\n', 2, '2017-10-18 18:05:30', '0000-00-00 00:00:00', 1, 1),
(496, 49785, 'كيلو 3\r\n', 2, '2017-10-18 18:05:30', '0000-00-00 00:00:00', 1, 1),
(497, 49786, 'كيلو 5\r\n', 2, '2017-10-18 18:05:30', '0000-00-00 00:00:00', 1, 1),
(498, 49787, 'كيلو 7\r\n', 2, '2017-10-18 18:05:30', '0000-00-00 00:00:00', 1, 1),
(499, 49788, 'كيلو 8\r\n', 2, '2017-10-18 18:05:30', '0000-00-00 00:00:00', 1, 1),
(500, 49789, 'مطار الملك عبدالعزيز الدولي\r\n', 2, '2017-10-18 18:05:30', '0000-00-00 00:00:00', 1, 1),
(501, 49790, 'مدينة الملك عبدالعزيز الطبية\r\n', 2, '2017-10-18 18:05:30', '0000-00-00 00:00:00', 1, 1),
(502, 49791, 'جامعة الملك عبدالعزيز\r\n', 2, '2017-10-18 18:05:30', '0000-00-00 00:00:00', 1, 1),
(503, 49792, 'جامعة الملك عبدالله\r\n', 2, '2017-10-18 18:05:30', '0000-00-00 00:00:00', 1, 1),
(504, 49793, 'الملك فهد\r\n', 2, '2017-10-18 18:05:30', '0000-00-00 00:00:00', 1, 1),
(505, 49794, 'قاعدة الملك فيصل البحرية\r\n', 2, '2017-10-18 18:05:30', '0000-00-00 00:00:00', 1, 1),
(506, 49795, 'مدائن الفهد\r\n', 2, '2017-10-18 18:05:30', '0000-00-00 00:00:00', 1, 1),
(507, 49796, 'مشرفة\r\n', 2, '2017-10-18 18:05:30', '0000-00-00 00:00:00', 1, 1),
(508, 49797, 'مريخ\r\n', 2, '2017-10-18 18:05:30', '0000-00-00 00:00:00', 1, 1),
(509, 49798, 'الحرس الوطني\r\n', 2, '2017-10-18 18:05:30', '0000-00-00 00:00:00', 1, 1),
(510, 49799, 'أبحر الجنوبية\r\n', 2, '2017-10-18 18:05:30', '0000-00-00 00:00:00', 1, 1),
(511, 49800, 'أبحر الشمالية\r\n', 2, '2017-10-18 18:05:30', '0000-00-00 00:00:00', 1, 1),
(512, 49801, 'بترومين\r\n', 2, '2017-10-18 18:05:30', '0000-00-00 00:00:00', 1, 1),
(513, 49802, 'الأمير عبدالمجيد\r\n', 2, '2017-10-18 18:05:30', '0000-00-00 00:00:00', 1, 1),
(514, 49803, 'قرطبة\r\n', 2, '2017-10-18 18:05:30', '0000-00-00 00:00:00', 1, 1),
(515, 49804, 'المدينة الصناعية الثانية\r\n', 2, '2017-10-18 18:05:30', '0000-00-00 00:00:00', 1, 1),
(516, 49805, 'طيبة\r\n', 2, '2017-10-18 18:05:30', '0000-00-00 00:00:00', 1, 1),
(517, 49806, 'ام السلم\r\n', 2, '2017-10-18 18:05:30', '0000-00-00 00:00:00', 1, 1),
(518, 49807, 'ام حبلين\r\n', 2, '2017-10-18 18:05:30', '0000-00-00 00:00:00', 1, 1),
(519, 49808, 'ام حبلين\r\n', 2, '2017-10-18 18:05:30', '0000-00-00 00:00:00', 1, 1),
(520, 49809, 'بئر عثمان', 2, '2017-12-08 20:16:04', '0000-00-00 00:00:00', 1, 1),
(521, 49810, 'العهن', 2, '2017-12-08 20:36:42', '0000-00-00 00:00:00', 1, 1),
(522, 49811, 'المغيسلة', 2, '2017-12-08 21:02:00', '0000-00-00 00:00:00', 1, 1),
(523, 49812, 'العليا', 2, '2017-12-21 12:30:17', '0000-00-00 00:00:00', 1, 1),
(524, 49813, 'مدينة العمال', 2, '2017-12-21 12:50:37', '0000-00-00 00:00:00', 1, 1),
(525, 49814, 'test', 2, '2017-12-23 13:06:54', '0000-00-00 00:00:00', 1, 1),
(526, 49815, 'القبلتين', 2, '2017-12-31 14:54:36', '0000-00-00 00:00:00', 1, 1),
(527, 49816, 'المحمدية', 2, '2017-12-31 14:57:19', '0000-00-00 00:00:00', 1, 1),
(528, 49817, 'الملقا', 2, '2017-12-31 14:57:37', '0000-00-00 00:00:00', 1, 1),
(529, 49818, 'المحمدية', 2, '2017-12-31 15:50:39', '0000-00-00 00:00:00', 1, 1),
(530, 49819, 'الخالدية', 2, '2017-12-31 15:51:00', '0000-00-00 00:00:00', 1, 1),
(531, 49820, 'الهجلة', 2, '2017-12-31 19:19:05', '0000-00-00 00:00:00', 1, 1),
(532, 49821, 'كورنيش الخبر', 2, '2018-01-05 22:00:35', '0000-00-00 00:00:00', 1, 1),
(533, 49822, 'الكورنيش الشمالي', 2, '2018-01-05 22:25:40', '0000-00-00 00:00:00', 1, 1),
(534, 49823, 'المنتزه', 2, '2018-01-05 23:02:18', '0000-00-00 00:00:00', 1, 1),
(535, 49824, 'العميرية', 2, '2018-01-05 23:33:00', '0000-00-00 00:00:00', 1, 1),
(536, 49825, 'الخزامى', 2, '2018-01-05 23:55:03', '0000-00-00 00:00:00', 1, 1),
(537, 49826, 'اليحيى', 2, '2018-01-06 00:01:34', '0000-00-00 00:00:00', 1, 1),
(538, 49827, 'المصيف', 2, '2018-01-06 00:19:00', '0000-00-00 00:00:00', 1, 1),
(539, 49828, 'سدير', 2, '2018-01-06 00:29:49', '0000-00-00 00:00:00', 1, 1),
(540, 49829, 'النقرة', 2, '2018-01-06 00:36:28', '0000-00-00 00:00:00', 1, 1),
(541, 49830, 'الورود', 2, '2018-01-06 21:52:27', '0000-00-00 00:00:00', 1, 1),
(542, 49831, 'الجابرية', 2, '2018-01-06 22:10:34', '0000-00-00 00:00:00', 1, 1),
(543, 49832, 'الشاطئ الغربي', 2, '2018-01-07 12:55:05', '0000-00-00 00:00:00', 1, 1),
(544, 49833, 'الديرة', 2, '2018-01-07 18:32:05', '0000-00-00 00:00:00', 1, 1),
(545, 49834, 'ظهرة لبن', 2, '2018-01-09 01:48:48', '0000-00-00 00:00:00', 1, 1),
(546, 49835, 'السلام', 2, '2018-01-09 01:50:58', '0000-00-00 00:00:00', 1, 1),
(547, 49836, 'الصمد', 2, '2018-01-09 02:34:51', '0000-00-00 00:00:00', 1, 1),
(548, 49837, 'الحزام الذهبي', 2, '2018-01-09 02:48:35', '0000-00-00 00:00:00', 1, 1),
(549, 49838, 'العنود', 2, '2018-01-09 03:03:58', '0000-00-00 00:00:00', 1, 1),
(550, 49839, 'الشوقية', 2, '2018-01-19 22:05:33', '0000-00-00 00:00:00', 1, 1),
(551, 49840, 'الرصيفة', 2, '2018-01-19 22:06:27', '0000-00-00 00:00:00', 1, 1),
(552, 49841, 'العوالي', 2, '2018-02-08 15:45:02', '0000-00-00 00:00:00', 1, 1),
(553, 49842, 'النازية', 2, '2018-02-08 15:46:59', '0000-00-00 00:00:00', 1, 1),
(554, 49843, 'الوسيطاء', 2, '2018-02-12 17:06:27', '0000-00-00 00:00:00', 1, 1),
(555, 49844, 'الشبيكة', 2, '2018-02-28 14:07:31', '0000-00-00 00:00:00', 1, 1),
(556, 49845, 'ينبع البحر', 2, '2018-02-28 14:11:09', '0000-00-00 00:00:00', 1, 1),
(557, 49846, 'الشهداء', 2, '2018-03-05 15:52:06', '0000-00-00 00:00:00', 1, 1),
(558, 49847, 'العزيزية', 2, '2018-03-05 16:04:19', '0000-00-00 00:00:00', 1, 1),
(559, 49848, 'شهار', 2, '2018-03-05 16:10:04', '0000-00-00 00:00:00', 1, 1),
(560, 49849, 'الحوية', 2, '2018-03-05 16:24:41', '0000-00-00 00:00:00', 1, 1),
(561, 49850, 'كورنيش النيل', 2, '2018-03-27 14:08:28', '0000-00-00 00:00:00', 1, 1),
(562, 49851, 'التقوى', 2, '2018-04-26 16:23:36', '0000-00-00 00:00:00', 1, 1),
(563, 49852, 'الشارقية', 2, '2018-04-26 16:35:32', '0000-00-00 00:00:00', 1, 1),
(564, 49853, 'الفيحاء', 2, '2018-07-02 18:37:43', '0000-00-00 00:00:00', 1, 1),
(565, 49854, 'العريض', 2, '2018-07-09 14:51:53', '0000-00-00 00:00:00', 1, 1),
(566, 49855, 'الريان', 2, '2018-07-09 18:22:30', '0000-00-00 00:00:00', 1, 1),
(567, 49856, 'الوشحاء', 2, '2018-07-11 18:39:42', '0000-00-00 00:00:00', 1, 1),
(568, 49857, 'المنار', 2, '2018-07-11 18:58:22', '0000-00-00 00:00:00', 1, 1),
(569, 49858, 'النزهة', 2, '2018-07-19 15:46:03', '0000-00-00 00:00:00', 1, 1),
(570, 49859, 'المعذر الشمالي', 2, '2018-07-19 16:02:17', '0000-00-00 00:00:00', 1, 1),
(571, 49860, 'حطين', 2, '2018-07-19 16:24:18', '0000-00-00 00:00:00', 1, 1),
(572, 49861, 'الربوة', 2, '2018-07-23 16:59:55', '0000-00-00 00:00:00', 1, 1),
(573, 49862, 'طريق الملك عبدالعزيز', 2, '2018-07-23 17:04:45', '0000-00-00 00:00:00', 1, 1),
(574, 49863, 'طريق الملك فيصل', 2, '2018-07-23 17:07:39', '0000-00-00 00:00:00', 1, 1),
(575, 49864, 'النماص', 2, '2018-07-23 17:15:01', '0000-00-00 00:00:00', 1, 1),
(576, 49865, 'الشهداء', 2, '2018-07-25 15:55:29', '0000-00-00 00:00:00', 1, 1),
(577, 49866, 'البديع', 2, '2018-07-25 16:51:23', '0000-00-00 00:00:00', 1, 1),
(578, 49867, 'ام الحمام الشرقي', 2, '2018-08-28 13:44:22', '0000-00-00 00:00:00', 1, 1),
(579, 49868, 'العدامة', 2, '2018-08-28 14:00:32', '0000-00-00 00:00:00', 1, 1),
(580, 49869, 'الجبيل البلد', 2, '2018-08-28 14:09:11', '0000-00-00 00:00:00', 1, 1),
(581, 49870, 'ام سرار', 2, '2018-08-28 14:15:41', '0000-00-00 00:00:00', 1, 1),
(582, 49871, 'الأندلس', 2, '2018-08-28 16:34:12', '0000-00-00 00:00:00', 1, 1),
(583, 49872, 'الحمراء', 2, '2018-09-11 17:10:44', '0000-00-00 00:00:00', 1, 1),
(584, 49873, 'التحلية', 2, '2018-09-13 13:41:16', '0000-00-00 00:00:00', 1, 1),
(585, 49874, 'الشرائع', 2, '2018-10-18 19:01:54', '0000-00-00 00:00:00', 1, 1),
(586, 49875, 'الزاهر', 2, '2018-10-18 19:02:20', '0000-00-00 00:00:00', 1, 1),
(587, 49876, 'النورية', 2, '2018-10-18 19:02:45', '0000-00-00 00:00:00', 1, 1),
(588, 49877, 'المطار', 2, '2018-10-30 14:39:55', '0000-00-00 00:00:00', 1, 1),
(589, 49878, 'الربوة', 2, '2018-10-30 14:50:24', '0000-00-00 00:00:00', 1, 1),
(590, 49879, 'ذهبان', 2, '2018-10-31 17:14:41', '0000-00-00 00:00:00', 1, 1),
(591, 49880, 'الخالدية', 2, '2019-01-01 15:22:25', '0000-00-00 00:00:00', 1, 1),
(592, 49881, 'الخالدية', 2, '2019-01-01 15:48:46', '0000-00-00 00:00:00', 1, 1),
(593, 49882, 'الهدا', 2, '2019-01-01 17:14:34', '0000-00-00 00:00:00', 1, 1),
(594, 49883, 'العليا', 2, '2019-01-02 15:50:37', '0000-00-00 00:00:00', 1, 1),
(595, 49884, 'المخطط 5', 2, '2019-01-02 16:32:06', '0000-00-00 00:00:00', 1, 1),
(596, 49885, 'أجياد', 2, '2019-01-02 17:25:22', '0000-00-00 00:00:00', 1, 1),
(597, 49886, 'الروابي', 2, '2019-01-02 18:17:53', '0000-00-00 00:00:00', 1, 1),
(598, 49887, 'مجمع 257', 2, '2019-01-07 15:45:21', '0000-00-00 00:00:00', 1, 1),
(599, 49888, 'البديع', 2, '2019-01-31 18:40:27', '0000-00-00 00:00:00', 1, 1),
(600, 49889, 'السبيعية', 2, '2019-01-31 18:54:26', '0000-00-00 00:00:00', 1, 1),
(601, 49890, 'البشر', 2, '2019-01-31 19:27:21', '0000-00-00 00:00:00', 1, 1),
(602, 49891, 'معشي', 2, '2019-02-14 14:03:13', '0000-00-00 00:00:00', 1, 1),
(603, 49892, 'الجامعة', 2, '2019-02-26 18:34:11', '0000-00-00 00:00:00', 1, 1),
(604, 49893, 'الهجرة', 2, '2019-03-03 17:29:47', '0000-00-00 00:00:00', 1, 1),
(605, 49894, 'الهجلة', 2, '2019-03-14 19:43:56', '0000-00-00 00:00:00', 1, 1),
(606, 49895, 'الزرقاء', 2, '2019-03-20 13:53:02', '0000-00-00 00:00:00', 1, 1),
(607, 49896, 'الفيصلية', 2, '2019-03-20 15:17:45', '0000-00-00 00:00:00', 1, 1),
(608, 49897, 'المطار', 2, '2019-03-20 15:58:13', '0000-00-00 00:00:00', 1, 1),
(609, 49898, 'محايل عسير', 2, '2019-03-20 19:06:13', '0000-00-00 00:00:00', 1, 1),
(610, 49899, 'الخالدية', 2, '2019-03-20 19:25:11', '0000-00-00 00:00:00', 1, 1),
(611, 49900, 'المزروعية', 2, '2019-03-24 14:02:46', '0000-00-00 00:00:00', 1, 1),
(612, 49901, 'عتود', 2, '2019-03-24 14:41:58', '0000-00-00 00:00:00', 1, 1),
(613, 49902, 'الفهد', 2, '2019-03-24 15:32:14', '0000-00-00 00:00:00', 1, 1);
INSERT INTO `districts_text` (`DistrictTextID`, `DistrictID`, `Title`, `SystemLanguageID`, `CreatedAt`, `UpdatedAt`, `CreatedBy`, `UpdatedBy`) VALUES
(614, 49903, 'القطبية', 2, '2019-04-02 19:10:55', '0000-00-00 00:00:00', 1, 1),
(615, 49904, 'قباء', 2, '2019-04-04 18:13:13', '0000-00-00 00:00:00', 1, 1),
(616, 49905, 'الخالدية', 2, '2019-04-18 16:39:32', '0000-00-00 00:00:00', 1, 1),
(617, 49906, 'العزيزية', 2, '2019-05-14 16:40:44', '0000-00-00 00:00:00', 1, 1),
(618, 49907, 'الموظفين', 2, '2019-05-14 16:41:22', '0000-00-00 00:00:00', 1, 1),
(619, 49908, 'Al Shati', 1, '2019-11-03 11:38:55', '2019-11-03 11:38:55', 1, 1),
(620, 49908, 'الشاطئ', 2, '2019-11-03 11:38:55', '2019-11-03 11:39:10', 1, 1),
(621, 49909, 'An nasab', 1, '2019-11-08 11:32:08', '2019-11-08 11:32:08', 1, 1),
(622, 49909, 'An nasab', 2, '2019-11-08 11:32:08', '2019-11-08 11:32:08', 1, 1),
(623, 49910, 'Albadea', 1, '2019-11-08 11:42:03', '2019-11-08 11:42:03', 1, 1),
(624, 49910, 'Albadea', 2, '2019-11-08 11:42:03', '2019-11-08 11:42:03', 1, 1),
(625, 49911, 'AlKhuzama', 1, '2019-11-08 12:01:05', '2019-11-08 12:01:05', 1, 1),
(626, 49911, 'AlKhuzama', 2, '2019-11-08 12:01:05', '2019-11-08 12:01:05', 1, 1),
(627, 49912, 'Al Aziziyah', 1, '2019-11-08 12:11:10', '2019-11-08 12:11:10', 1, 1),
(628, 49912, 'Al Aziziyah', 2, '2019-11-08 12:11:10', '2019-11-08 12:11:10', 1, 1),
(629, 49913, 'Al Rayyan', 1, '2019-11-08 12:20:42', '2019-11-08 12:20:42', 1, 1),
(630, 49913, 'Al Rayyan', 2, '2019-11-08 12:20:42', '2019-11-08 12:20:42', 1, 1),
(631, 49914, 'Alnafal', 1, '2019-11-08 12:28:10', '2019-11-08 12:28:10', 1, 1),
(632, 49914, 'Alnafal', 2, '2019-11-08 12:28:10', '2019-11-08 12:28:10', 1, 1),
(633, 49915, 'Alyarmuk', 1, '2019-11-08 12:33:11', '2019-11-08 12:33:11', 1, 1),
(634, 49915, 'Alyarmuk', 2, '2019-11-08 12:33:11', '2019-11-08 12:33:11', 1, 1),
(635, 49916, 'Duraihimiyah', 1, '2019-11-08 12:37:53', '2019-11-08 12:37:53', 1, 1),
(636, 49916, 'Duraihimiyah', 2, '2019-11-08 12:37:53', '2019-11-08 12:37:53', 1, 1),
(637, 49917, 'Sultana', 1, '2019-11-08 12:41:39', '2019-11-08 12:41:39', 1, 1),
(638, 49917, 'Sultana', 2, '2019-11-08 12:41:39', '2019-11-08 12:41:39', 1, 1),
(639, 49918, 'Nahdah', 1, '2019-11-08 12:45:55', '2019-11-08 12:45:55', 1, 1),
(640, 49918, 'Nahdah', 2, '2019-11-08 12:45:55', '2019-11-08 12:45:55', 1, 1),
(641, 49919, 'Al Aziziyah R', 1, '2019-11-08 12:53:54', '2019-11-08 12:53:54', 1, 1),
(642, 49919, 'Al Aziziyah R', 2, '2019-11-08 12:53:54', '2019-11-08 12:53:54', 1, 1),
(643, 49920, 'Al Hamam ', 1, '2019-11-08 13:07:01', '2019-11-08 13:07:01', 1, 1),
(644, 49920, 'Al Hamam ', 2, '2019-11-08 13:07:01', '2019-11-08 13:07:01', 1, 1),
(645, 49921, 'Al Gharbi', 1, '2019-11-08 13:07:11', '2019-11-08 13:07:11', 1, 1),
(646, 49921, 'Al Gharbi', 2, '2019-11-08 13:07:11', '2019-11-08 13:07:11', 1, 1),
(647, 49922, 'Ashuhada Ashamaliyyah', 1, '2019-11-08 13:11:50', '2019-11-08 13:11:50', 1, 1),
(648, 49922, 'Ashuhada Ashamaliyyah', 2, '2019-11-08 13:11:50', '2019-11-08 13:11:50', 1, 1),
(649, 49923, 'Al Qutbiyyah', 1, '2019-11-08 13:16:27', '2019-11-08 13:16:27', 1, 1),
(650, 49923, 'Al Qutbiyyah', 2, '2019-11-08 13:16:27', '2019-11-08 13:16:27', 1, 1),
(651, 49924, 'Shubra ', 1, '2019-11-08 13:23:05', '2019-11-08 13:23:05', 1, 1),
(652, 49924, 'Shubra ', 2, '2019-11-08 13:23:05', '2019-11-08 13:23:05', 1, 1),
(653, 49925, 'Shadhah ', 1, '2019-11-08 13:25:48', '2019-11-08 13:25:48', 1, 1),
(654, 49925, 'Shadhah ', 2, '2019-11-08 13:25:48', '2019-11-08 13:25:48', 1, 1),
(655, 49926, 'Al Wabra', 1, '2019-11-08 13:30:28', '2019-11-08 13:30:28', 1, 1),
(656, 49926, 'Al Wabra', 2, '2019-11-08 13:30:28', '2019-11-08 13:30:28', 1, 1),
(657, 49927, 'Al Hadiqah', 1, '2019-11-08 13:33:31', '2019-11-08 13:33:31', 1, 1),
(658, 49927, 'Al Hadiqah', 2, '2019-11-08 13:33:31', '2019-11-08 13:33:31', 1, 1),
(659, 49928, 'Rabea', 1, '2019-11-08 13:43:52', '2019-11-08 13:43:52', 1, 1),
(660, 49928, 'Rabea', 2, '2019-11-08 13:43:52', '2019-11-08 13:43:52', 1, 1),
(661, 49929, 'Al Bishr Buraydah', 1, '2019-11-08 13:51:56', '2019-11-08 13:51:56', 1, 1),
(662, 49929, 'Al Bishr Buraydah', 2, '2019-11-08 13:51:56', '2019-11-08 13:51:56', 1, 1),
(665, 49931, 'Al Amir Fawwaz Al Junoobi', 1, '2019-11-11 07:58:32', '2019-11-11 07:58:32', 1, 1),
(666, 49931, 'Al Amir Fawwaz Al Junoobi', 2, '2019-11-11 07:58:32', '2019-11-11 07:58:32', 1, 1),
(667, 49932, 'Almanar', 1, '2019-11-11 08:02:06', '2019-11-11 08:02:06', 1, 1),
(668, 49932, 'Almanar', 2, '2019-11-11 08:02:06', '2019-11-11 08:02:06', 1, 1),
(669, 49933, 'Al Naeem', 1, '2019-11-11 08:05:11', '2019-11-11 08:05:11', 1, 1),
(670, 49933, 'Al Naeem', 2, '2019-11-11 08:05:11', '2019-11-11 08:05:11', 1, 1),
(671, 49934, 'Nuqrah', 1, '2019-11-11 08:10:02', '2019-11-11 08:10:02', 1, 1),
(672, 49934, 'Nuqrah', 2, '2019-11-11 08:10:02', '2019-11-11 08:10:02', 1, 1),
(673, 49935, 'Aja', 1, '2019-11-11 08:13:35', '2019-11-11 08:13:35', 1, 1),
(674, 49935, 'Aja', 2, '2019-11-11 08:13:35', '2019-11-11 08:13:35', 1, 1),
(675, 49936, 'Naqrah', 1, '2019-11-11 08:17:27', '2019-11-11 08:17:27', 1, 1),
(676, 49936, 'Naqrah', 2, '2019-11-11 08:17:27', '2019-11-11 08:17:27', 1, 1),
(677, 49937, 'Al Baladiyah', 1, '2019-11-11 08:21:22', '2019-11-11 08:21:22', 1, 1),
(678, 49937, 'Al Baladiyah', 2, '2019-11-11 08:21:22', '2019-11-11 08:21:22', 1, 1),
(679, 49938, 'Al Irq Al Janubi', 1, '2019-11-11 08:24:16', '2019-11-11 08:24:16', 1, 1),
(680, 49938, 'Al Irq Al Janubi', 2, '2019-11-11 08:24:16', '2019-11-11 08:24:16', 1, 1),
(681, 49939, 'Tayyib Al Ism', 1, '2019-11-11 08:29:23', '2019-11-11 08:29:23', 1, 1),
(682, 49939, 'Tayyib Al Ism', 2, '2019-11-11 08:29:23', '2019-11-11 08:29:23', 1, 1),
(683, 49940, 'alsharbatli', 1, '2019-11-11 09:31:30', '2019-11-11 09:31:30', 1, 1),
(684, 49940, 'alsharbatli', 2, '2019-11-11 09:31:30', '2019-11-11 09:31:30', 1, 1),
(685, 49941, 'Akwaha', 1, '2019-11-11 09:40:28', '2019-11-11 09:40:28', 1, 1),
(686, 49941, 'Akwaha', 2, '2019-11-11 09:40:28', '2019-11-11 09:40:28', 1, 1),
(687, 49942, 'Yanbu Al Sinaiyah,', 1, '2019-11-11 09:43:28', '2019-11-11 09:43:28', 1, 1),
(688, 49942, 'Yanbu Al Sinaiyah,', 2, '2019-11-11 09:43:28', '2019-11-11 09:43:28', 1, 1),
(689, 49943, 'Al Aziziyah Meeca', 1, '2019-11-11 09:48:47', '2019-11-11 09:48:47', 1, 1),
(690, 49943, 'Al Aziziyah Meeca', 2, '2019-11-11 09:48:47', '2019-11-11 09:48:47', 1, 1),
(691, 49944, 'Al Jamiah', 1, '2019-11-11 09:56:48', '2019-11-11 09:56:48', 1, 1),
(692, 49944, 'Al Jamiah', 2, '2019-11-11 09:56:48', '2019-11-11 09:56:48', 1, 1),
(693, 49945, 'Al Shoqiyah', 1, '2019-11-11 10:00:41', '2019-11-11 10:00:41', 1, 1),
(694, 49945, 'Al Shoqiyah', 2, '2019-11-11 10:00:41', '2019-11-11 10:00:41', 1, 1),
(695, 49946, 'Asharai', 1, '2019-11-11 10:04:53', '2019-11-11 10:04:53', 1, 1),
(696, 49946, 'Asharai', 2, '2019-11-11 10:04:53', '2019-11-11 10:04:53', 1, 1),
(697, 49947, 'Shubaikah', 1, '2019-11-11 10:08:54', '2019-11-11 10:08:54', 1, 1),
(698, 49947, 'Shubaikah', 2, '2019-11-11 10:08:54', '2019-11-11 10:08:54', 1, 1),
(699, 49948, 'Alawali', 1, '2019-11-11 10:12:49', '2019-11-11 10:12:49', 1, 1),
(700, 49948, 'Alawali', 2, '2019-11-11 10:12:49', '2019-11-11 10:12:49', 1, 1),
(701, 49949, 'Aljawhara', 1, '2019-11-11 10:17:36', '2019-11-11 10:17:36', 1, 1),
(702, 49949, 'Aljawhara', 2, '2019-11-11 10:17:36', '2019-11-11 10:17:36', 1, 1),
(703, 49950, ' Al Muhammadiyah', 1, '2019-11-11 10:20:48', '2019-11-11 10:20:48', 1, 1),
(704, 49950, ' Al Muhammadiyah', 2, '2019-11-11 10:20:48', '2019-11-11 10:20:48', 1, 1),
(705, 49951, 'Aljouf', 1, '2019-11-11 10:28:40', '2019-11-11 10:32:34', 1, 1),
(706, 49951, 'Aljouf', 2, '2019-11-11 10:28:40', '2019-11-11 10:28:40', 1, 1),
(707, 49952, 'Alshifa', 1, '2019-11-11 10:32:47', '2019-11-11 10:32:47', 1, 1),
(708, 49952, 'Alshifa', 2, '2019-11-11 10:32:47', '2019-11-11 10:32:47', 1, 1),
(709, 49953, 'Almatr', 1, '2019-11-11 10:35:05', '2019-11-11 10:35:05', 1, 1),
(710, 49953, 'Almatr', 2, '2019-11-11 10:35:05', '2019-11-11 10:35:05', 1, 1),
(711, 49954, 'Alfahad', 1, '2019-11-11 11:43:33', '2019-11-11 11:43:33', 1, 1),
(712, 49954, 'Alfahad', 2, '2019-11-11 11:43:33', '2019-11-11 11:43:33', 1, 1),
(713, 49955, 'Al Faydah', 1, '2019-11-11 12:00:46', '2019-11-11 12:00:46', 1, 1),
(714, 49955, 'Al Faydah', 2, '2019-11-11 12:00:46', '2019-11-11 12:00:46', 1, 1);

-- --------------------------------------------------------

--
-- Table structure for table `domains`
--

CREATE TABLE `domains` (
  `DomainID` int(11) NOT NULL,
  `Title` varchar(255) NOT NULL,
  `SortOrder` int(11) NOT NULL,
  `Hide` tinyint(4) NOT NULL,
  `IsActive` tinyint(4) NOT NULL,
  `CreatedAt` datetime NOT NULL,
  `UpdatedAt` datetime NOT NULL,
  `CreatedBy` int(11) NOT NULL,
  `UpdatedBy` int(11) NOT NULL
) ENGINE=InnoDB DEFAULT CHARSET=utf8;

--
-- Dumping data for table `domains`
--

INSERT INTO `domains` (`DomainID`, `Title`, `SortOrder`, `Hide`, `IsActive`, `CreatedAt`, `UpdatedAt`, `CreatedBy`, `UpdatedBy`) VALUES
(1, 'Web', 0, 0, 1, '2020-01-06 08:19:52', '2020-01-06 08:19:52', 1, 1),
(2, 'Android', 1, 0, 1, '2020-01-06 08:20:06', '2020-01-06 08:20:06', 1, 1),
(3, 'IOS', 2, 0, 1, '2020-01-06 08:20:17', '2020-01-06 08:20:17', 1, 1);

-- --------------------------------------------------------

--
-- Table structure for table `email_templates`
--

CREATE TABLE `email_templates` (
  `Email_templateID` int(11) NOT NULL,
  `Image` varchar(255) NOT NULL,
  `SortOrder` int(11) NOT NULL,
  `Hide` tinyint(4) NOT NULL,
  `IsActive` tinyint(4) NOT NULL,
  `CreatedAt` datetime NOT NULL,
  `UpdatedAt` datetime NOT NULL,
  `CreatedBy` int(11) NOT NULL,
  `UpdatedBy` int(11) NOT NULL
) ENGINE=InnoDB DEFAULT CHARSET=utf8;

--
-- Dumping data for table `email_templates`
--

INSERT INTO `email_templates` (`Email_templateID`, `Image`, `SortOrder`, `Hide`, `IsActive`, `CreatedAt`, `UpdatedAt`, `CreatedBy`, `UpdatedBy`) VALUES
(1, 'uploads/email_templates/1210446676201807020635331.jpg', 0, 0, 1, '2018-07-02 17:08:45', '2019-06-14 11:53:38', 1, 1),
(4, 'uploads/email_templates/379150302201807020631102.jpg', 1, 0, 1, '2018-07-02 18:10:31', '2019-11-20 11:09:38', 1, 1),
(5, '', 2, 0, 1, '2020-01-07 07:38:58', '2020-01-07 07:38:58', 1, 1),
(6, '', 3, 0, 1, '2020-01-07 08:10:34', '2020-01-07 08:10:34', 1, 1);

-- --------------------------------------------------------

--
-- Table structure for table `email_templates_text`
--

CREATE TABLE `email_templates_text` (
  `Email_templateTextID` int(11) NOT NULL,
  `Email_templateID` int(11) NOT NULL,
  `Title` varchar(255) NOT NULL,
  `Heading` varchar(255) NOT NULL,
  `Description` text NOT NULL,
  `SystemLanguageID` int(11) NOT NULL,
  `CreatedAt` datetime NOT NULL,
  `UpdatedAt` datetime NOT NULL,
  `CreatedBy` int(11) NOT NULL,
  `UpdatedBy` int(11) NOT NULL
) ENGINE=InnoDB DEFAULT CHARSET=utf8;

--
-- Dumping data for table `email_templates_text`
--

INSERT INTO `email_templates_text` (`Email_templateTextID`, `Email_templateID`, `Title`, `Heading`, `Description`, `SystemLanguageID`, `CreatedAt`, `UpdatedAt`, `CreatedBy`, `UpdatedBy`) VALUES
(1, 1, 'Signup', 'Signup', '<p><strong>Hi {{name}} ,</strong></p>\r\n<p>Thank you for registering with Exclusave. We hope to provide you the best of our services.</p>\r\n<p>Your account is submitted to admin for verification. You will be notified via email once admin verified your account.</p>\r\n<p><strong>Thanks.</strong></p>', 1, '2018-07-02 17:08:45', '2019-06-14 11:53:38', 1, 1),
(4, 4, 'Forgot Password', 'Forgot Password', '<p>We received your request to reset your password at exclusave.</p>\r\n<p>Please use the link below to proceed..</p>\r\n<p>Reset Link: {{link}}</p>\r\n<p>&nbsp;</p>\r\n<p><strong>Thanks.</strong></p>', 1, '2018-07-02 18:10:31', '2019-11-20 11:09:38', 1, 1),
(7, 1, 'Signup At Chocomood', 'Signup at Chocomood', '<p><strong>Hi {{name}} ,</strong></p>\r\n<p>Thank you for registering with Exclusave. We hope to provide you the best of our services.</p>\r\n<p>Your account is submitted to admin for verification. You will be notified via email once admin verified your account.</p>\r\n<p><strong>Thanks.</strong></p>', 2, '2019-03-01 16:04:09', '2019-06-14 11:53:45', 1, 1),
(8, 4, 'Forgot Password Arabic', 'Forgot Password', '<p>We received your request to reset your password at exclusave.</p>\r\n<p>Please use the link below to proceed..</p>\r\n<p>Reset Link: {{link}}</p>\r\n<p>&nbsp;</p>\r\n<p><strong>Thanks.</strong></p>', 2, '2018-07-02 18:10:31', '2019-11-20 11:09:45', 1, 1),
(9, 5, 'Partner Fyp Registration Request', 'Fyp Registration Request', '<p><strong>Hi {{partner_name}} ,</strong></p>\r\n<p>Student {{student_name}} with registration number {{student_registration_number}} sent you request for FYP.Please login portal to view.</p>\r\n<p><strong>Thanks.</strong></p>', 1, '2020-01-07 07:38:58', '2020-01-07 07:38:58', 1, 1),
(10, 5, 'Partner Fyp Registration Request', 'Fyp Registration Request', '<p><strong>Hi {{partner_name}} ,</strong></p>\r\n<p>Student {{student_name}} with registration number {{student_registration_number}} sent you request for FYP.Please login portal to view.</p>\r\n<p><strong>Thanks.</strong></p>', 2, '2020-01-07 07:38:58', '2020-01-07 07:38:58', 1, 1),
(11, 6, 'Fyp Registration Approval Request', 'Fyp Registration Approval Request', '<p><strong>Hi {{supervisor_name}} ,</strong></p>\r\n<p>Student {{student_name}} with registration number {{student_registration_number}} sent you request for FYP registration.Please login portal to view.</p>\r\n<p><strong>Thanks.</strong></p>', 1, '2020-01-07 08:10:34', '2020-01-07 08:10:34', 1, 1),
(12, 6, 'Fyp Registration Approval Request', 'Fyp Registration Approval Request', '<p><strong>Hi {{supervisor_name}} ,</strong></p>\r\n<p>Student {{student_name}} with registration number {{student_registration_number}} sent you request for FYP registration.Please login portal to view.</p>\r\n<p><strong>Thanks.</strong></p>', 2, '2020-01-07 08:10:34', '2020-01-07 08:10:34', 1, 1);

-- --------------------------------------------------------

--
-- Table structure for table `faqs`
--

CREATE TABLE `faqs` (
  `FaqID` int(11) NOT NULL,
  `ParentID` tinyint(4) NOT NULL,
  `SortOrder` int(11) NOT NULL,
  `Hide` tinyint(4) NOT NULL,
  `IsActive` tinyint(4) NOT NULL,
  `CreatedAt` datetime NOT NULL,
  `UpdatedAt` datetime NOT NULL,
  `CreatedBy` int(11) NOT NULL,
  `UpdatedBy` int(11) NOT NULL
) ENGINE=InnoDB DEFAULT CHARSET=utf8;

-- --------------------------------------------------------

--
-- Table structure for table `faqs_text`
--

CREATE TABLE `faqs_text` (
  `FaqTextID` int(11) NOT NULL,
  `FaqID` int(11) NOT NULL,
  `Title` varchar(255) NOT NULL,
  `Description` text NOT NULL,
  `SystemLanguageID` int(11) NOT NULL,
  `CreatedAt` datetime NOT NULL,
  `UpdatedAt` datetime NOT NULL,
  `CreatedBy` int(11) NOT NULL,
  `UpdatedBy` int(11) NOT NULL
) ENGINE=InnoDB DEFAULT CHARSET=utf8;

-- --------------------------------------------------------

--
-- Table structure for table `feedbacks`
--

CREATE TABLE `feedbacks` (
  `FeedbackID` int(11) NOT NULL,
  `FullName` varchar(255) CHARACTER SET utf8 NOT NULL,
  `Email` varchar(255) CHARACTER SET utf8 NOT NULL,
  `MobileNo` varchar(255) CHARACTER SET utf8 NOT NULL,
  `Message` text CHARACTER SET utf8 NOT NULL,
  `CreatedAt` varchar(255) NOT NULL
) ENGINE=MyISAM DEFAULT CHARSET=latin1;

-- --------------------------------------------------------

--
-- Table structure for table `functional_requirements`
--

CREATE TABLE `functional_requirements` (
  `Functional_requirementID` int(11) NOT NULL,
  `Title` varchar(255) NOT NULL,
  `SortOrder` int(11) NOT NULL,
  `Hide` tinyint(4) NOT NULL,
  `IsActive` tinyint(4) NOT NULL,
  `CreatedAt` datetime NOT NULL,
  `UpdatedAt` datetime NOT NULL,
  `CreatedBy` int(11) NOT NULL,
  `UpdatedBy` int(11) NOT NULL
) ENGINE=InnoDB DEFAULT CHARSET=utf8;

-- --------------------------------------------------------

--
-- Table structure for table `fyps`
--

CREATE TABLE `fyps` (
  `FypID` int(11) NOT NULL,
  `Title` varchar(255) NOT NULL,
  `DepartmentID` int(11) NOT NULL,
  `ProgramID` int(11) NOT NULL,
  `ClassID` int(11) NOT NULL,
  `SessionID` int(11) NOT NULL,
  `StudentID` int(11) NOT NULL,
  `PartnerID` int(11) DEFAULT NULL,
  `RegistrationNumber` varchar(255) NOT NULL,
  `SupervisorID` int(11) NOT NULL,
  `DomainID` varchar(255) NOT NULL COMMENT 'these are comma seperated',
  `Tool` varchar(255) NOT NULL,
  `ProjectSummary` varchar(5000) NOT NULL,
  `IsSoftwareEngineeringSubjectPassed` tinyint(4) NOT NULL,
  `IsDataBaseSubjectPassed` tinyint(4) NOT NULL,
  `IsApprovedBySupervisor` enum('Yes','No') DEFAULT NULL,
  `IsApprovedByPartner` tinyint(4) DEFAULT NULL,
  `RejectReasonBySupervisor` varchar(500) NOT NULL,
  `SortOrder` int(11) NOT NULL,
  `Hide` tinyint(4) NOT NULL,
  `IsActive` tinyint(4) NOT NULL,
  `CreatedAt` datetime NOT NULL,
  `UpdatedAt` datetime NOT NULL,
  `CreatedBy` int(11) NOT NULL,
  `UpdatedBy` int(11) NOT NULL
) ENGINE=InnoDB DEFAULT CHARSET=utf8;

--
-- Dumping data for table `fyps`
--

INSERT INTO `fyps` (`FypID`, `Title`, `DepartmentID`, `ProgramID`, `ClassID`, `SessionID`, `StudentID`, `PartnerID`, `RegistrationNumber`, `SupervisorID`, `DomainID`, `Tool`, `ProjectSummary`, `IsSoftwareEngineeringSubjectPassed`, `IsDataBaseSubjectPassed`, `IsApprovedBySupervisor`, `IsApprovedByPartner`, `RejectReasonBySupervisor`, `SortOrder`, `Hide`, `IsActive`, `CreatedAt`, `UpdatedAt`, `CreatedBy`, `UpdatedBy`) VALUES
(1, 'FYp Registration', 1, 1, 1, 1, 4, 5, 'COSC19151004', 3, '1,2,3', 'PHP,Web', 'this is test project', 1, 1, NULL, NULL, '', 0, 0, 0, '2020-01-07 09:01:16', '2020-01-07 09:01:16', 4, 4);

-- --------------------------------------------------------

--
-- Table structure for table `home_slides`
--

CREATE TABLE `home_slides` (
  `HomeSlideID` int(11) NOT NULL,
  `Image` varchar(255) NOT NULL,
  `SortOrder` int(11) NOT NULL,
  `Hide` tinyint(4) NOT NULL,
  `IsActive` tinyint(4) NOT NULL,
  `CreatedAt` datetime NOT NULL,
  `UpdatedAt` datetime NOT NULL,
  `CreatedBy` int(11) NOT NULL,
  `UpdatedBy` int(11) NOT NULL
) ENGINE=MyISAM DEFAULT CHARSET=utf8;

--
-- Dumping data for table `home_slides`
--

INSERT INTO `home_slides` (`HomeSlideID`, `Image`, `SortOrder`, `Hide`, `IsActive`, `CreatedAt`, `UpdatedAt`, `CreatedBy`, `UpdatedBy`) VALUES
(1, 'uploads/images/3661367814420190805012749229825512420190513075623.png', 0, 0, 1, '2019-08-05 13:49:27', '2019-08-05 13:49:27', 1, 1),
(2, 'uploads/images/4835765887201908191227292714_1563701957000_1349x557_1563701957000.png', 1, 0, 1, '2019-08-19 12:29:27', '2019-08-19 12:29:27', 1, 1);

-- --------------------------------------------------------

--
-- Table structure for table `home_slides_text`
--

CREATE TABLE `home_slides_text` (
  `HomeSlideTextID` int(11) NOT NULL,
  `HomeSlideID` int(11) NOT NULL,
  `Title` varchar(255) NOT NULL,
  `SystemLanguageID` int(11) NOT NULL,
  `CreatedAt` datetime NOT NULL,
  `UpdatedAt` datetime NOT NULL,
  `CreatedBy` int(11) NOT NULL,
  `UpdatedBy` int(11) NOT NULL
) ENGINE=MyISAM DEFAULT CHARSET=utf8;

--
-- Dumping data for table `home_slides_text`
--

INSERT INTO `home_slides_text` (`HomeSlideTextID`, `HomeSlideID`, `Title`, `SystemLanguageID`, `CreatedAt`, `UpdatedAt`, `CreatedBy`, `UpdatedBy`) VALUES
(1, 1, 'Slide 1', 1, '2019-08-05 13:49:27', '2019-08-05 13:49:27', 1, 1),
(2, 2, 'Its summer', 1, '2019-08-19 12:29:27', '2019-08-19 12:29:27', 1, 1),
(3, 2, 'Its summer', 2, '2019-08-19 12:29:27', '2019-08-19 12:29:27', 1, 1),
(4, 1, 'Slide 1', 2, '2019-08-21 06:18:02', '2019-08-21 06:18:02', 1, 1);

-- --------------------------------------------------------

--
-- Table structure for table `languages`
--

CREATE TABLE `languages` (
  `LanguageID` int(11) NOT NULL,
  `SortOrder` int(11) NOT NULL,
  `Hide` tinyint(4) NOT NULL,
  `IsActive` tinyint(4) NOT NULL,
  `CreatedAt` datetime NOT NULL,
  `UpdatedAt` datetime NOT NULL,
  `CreatedBy` int(11) NOT NULL,
  `UpdatedBy` int(11) NOT NULL
) ENGINE=InnoDB DEFAULT CHARSET=utf8;

-- --------------------------------------------------------

--
-- Table structure for table `modules`
--

CREATE TABLE `modules` (
  `ModuleID` int(11) NOT NULL,
  `ParentID` int(11) NOT NULL DEFAULT '0',
  `IconClass` varchar(255) NOT NULL,
  `Slug` varchar(255) NOT NULL,
  `SortOrder` int(11) NOT NULL,
  `Hide` tinyint(4) NOT NULL,
  `IsActive` tinyint(4) NOT NULL,
  `CreatedAt` datetime NOT NULL,
  `UpdatedAt` datetime NOT NULL,
  `CreatedBy` int(11) NOT NULL,
  `UpdatedBy` int(11) NOT NULL
) ENGINE=InnoDB DEFAULT CHARSET=utf8;

--
-- Dumping data for table `modules`
--

INSERT INTO `modules` (`ModuleID`, `ParentID`, `IconClass`, `Slug`, `SortOrder`, `Hide`, `IsActive`, `CreatedAt`, `UpdatedAt`, `CreatedBy`, `UpdatedBy`) VALUES
(1, 0, 'settings', '#', 11, 0, 1, '2018-05-09 00:00:00', '2018-11-30 10:32:35', 1, 1),
(18, 1, ' mdi mdi-view-module', 'module', 0, 1, 0, '2018-04-19 15:22:06', '2018-04-19 15:22:06', 1, 1),
(22, 1, 'mdi mdi-yeast', 'role', 3, 0, 1, '2018-05-02 12:10:33', '2018-05-02 12:10:33', 1, 1),
(23, 0, 'face', 'user', 7, 0, 1, '2018-05-02 12:44:19', '2018-05-02 12:44:19', 1, 1),
(32, 1, 'mdi mdi-city', 'city', 6, 1, 1, '2018-05-03 14:01:59', '2018-05-03 14:01:59', 1, 1),
(35, 1, 'mdi mdi-city', 'district', 7, 1, 1, '2018-05-03 15:49:43', '2018-05-03 15:49:43', 1, 1),
(36, 1, 'settings', 'Site_setting', 8, 0, 1, '2018-06-21 20:24:33', '2018-06-21 20:24:33', 1, 1),
(39, 1, ' mdi mdi-email', 'email_template', 9, 0, 1, '2018-07-02 16:26:28', '2018-07-02 16:26:28', 1, 1),
(40, 1, 'mdi mdi-format-list-bulleted', 'language', 10, 1, 1, '2018-07-04 14:12:11', '2018-07-04 14:12:23', 1, 1),
(45, 71, 'pages', 'page', 2, 0, 1, '2018-12-19 05:54:48', '2018-12-19 05:54:48', 1, 1),
(70, 0, 'bookmark', 'cardgroup', 8, 1, 0, '2019-07-02 06:14:46', '2019-07-02 06:14:46', 1, 1),
(71, 0, 'pages', '#Site_content', 9, 1, 1, '2019-08-05 13:16:16', '2019-08-05 13:16:16', 1, 1),
(72, 71, '', 'home_slide', 1, 0, 1, '2019-08-05 13:20:59', '2019-08-05 13:20:59', 1, 1),
(73, 0, 'account_balance', 'department', 2, 0, 1, '2019-12-19 04:39:00', '2019-12-19 04:39:00', 1, 1),
(74, 0, 'mdi mdi-tune', 'program', 3, 0, 0, '2019-12-19 04:40:49', '2019-12-19 04:40:49', 1, 1),
(75, 0, 'feedback', 'cls', 4, 0, 0, '2019-12-19 05:35:50', '2019-12-19 05:35:50', 1, 1),
(76, 0, 'pan_tool', 'domain', 5, 0, 1, '2019-12-20 04:14:04', '2019-12-20 04:14:04', 1, 1),
(77, 0, 'accessibility_new', 'functional_requirement', 6, 1, 1, '2019-12-20 04:16:37', '2019-12-20 04:16:37', 1, 1),
(78, 0, 'receipt', 'Fyp', 7, 0, 1, '2020-01-06 05:56:35', '2020-01-06 05:56:35', 1, 1),
(79, 0, 'list', 'sesion', 8, 0, 1, '2020-01-06 08:23:42', '2020-01-06 08:23:42', 1, 1);

-- --------------------------------------------------------

--
-- Table structure for table `modules_rights`
--

CREATE TABLE `modules_rights` (
  `ModuleRightID` int(11) NOT NULL,
  `ModuleID` int(11) NOT NULL,
  `RoleID` int(11) NOT NULL,
  `CanView` tinyint(4) NOT NULL,
  `CanAdd` tinyint(4) NOT NULL,
  `CanEdit` tinyint(4) NOT NULL,
  `CanDelete` tinyint(4) NOT NULL,
  `CreatedAt` datetime NOT NULL,
  `UpdatedAt` datetime NOT NULL,
  `CreatedBy` int(11) NOT NULL,
  `UpdatedBy` int(11) NOT NULL
) ENGINE=InnoDB DEFAULT CHARSET=utf8;

--
-- Dumping data for table `modules_rights`
--

INSERT INTO `modules_rights` (`ModuleRightID`, `ModuleID`, `RoleID`, `CanView`, `CanAdd`, `CanEdit`, `CanDelete`, `CreatedAt`, `UpdatedAt`, `CreatedBy`, `UpdatedBy`) VALUES
(13, 18, 1, 1, 1, 1, 1, '2018-04-19 15:22:06', '2018-06-29 17:44:17', 1, 1),
(17, 18, 2, 1, 1, 1, 1, '2018-05-02 11:37:19', '2018-05-02 11:37:19', 1, 1),
(20, 22, 1, 1, 1, 1, 1, '2018-05-02 12:10:33', '2018-06-29 17:44:17', 1, 1),
(21, 22, 2, 1, 1, 1, 1, '2018-05-02 12:10:33', '2018-05-02 12:10:33', 1, 1),
(22, 23, 1, 1, 1, 1, 1, '2018-05-02 12:44:19', '2018-06-29 17:44:17', 1, 1),
(23, 23, 2, 1, 1, 1, 1, '2018-05-02 12:44:19', '2018-05-02 12:44:19', 1, 1),
(40, 32, 1, 1, 1, 1, 1, '2018-05-03 14:01:59', '2018-06-29 17:44:17', 1, 1),
(41, 32, 2, 1, 1, 1, 1, '2018-05-03 14:01:59', '2018-05-03 14:01:59', 1, 1),
(46, 35, 1, 1, 1, 1, 1, '2018-05-03 15:49:43', '2018-06-29 17:44:17', 1, 1),
(47, 35, 2, 1, 1, 1, 1, '2018-05-03 15:49:43', '2018-05-03 15:49:43', 1, 1),
(75, 1, 2, 1, 1, 1, 1, '2018-05-09 12:20:50', '2018-05-09 12:20:50', 1, 1),
(76, 1, 1, 1, 1, 1, 1, '2018-05-09 12:20:50', '2018-06-29 17:44:17', 1, 1),
(77, 36, 1, 1, 1, 1, 1, '2018-02-12 16:32:10', '2018-06-29 17:44:17', 1, 1),
(78, 36, 2, 1, 1, 1, 1, '2018-06-29 13:51:40', '2018-06-29 13:51:40', 1, 1),
(86, 39, 1, 1, 1, 1, 1, '2018-07-02 16:26:28', '2018-07-02 16:26:28', 1, 1),
(87, 39, 2, 1, 1, 1, 1, '2018-07-02 16:26:28', '2018-07-02 16:26:28', 1, 1),
(89, 40, 1, 1, 1, 1, 1, '2018-07-04 14:12:11', '2018-07-04 14:12:11', 1, 1),
(90, 40, 2, 1, 1, 1, 1, '2018-07-04 14:12:11', '2018-07-04 14:12:11', 1, 1),
(115, 45, 1, 1, 1, 1, 1, '2018-12-19 05:54:48', '2018-12-19 05:54:48', 1, 1),
(116, 45, 2, 1, 1, 1, 1, '2018-12-19 05:54:48', '2018-12-19 05:54:48', 1, 1),
(163, 1, 3, 0, 0, 0, 0, '2019-02-11 20:07:49', '2019-06-21 05:49:40', 1, 1),
(164, 18, 3, 0, 0, 0, 0, '2019-02-11 20:07:49', '2019-06-21 05:49:40', 1, 1),
(165, 22, 3, 0, 0, 0, 0, '2019-02-11 20:07:49', '2019-06-21 05:49:40', 1, 1),
(166, 23, 3, 0, 0, 0, 0, '2019-02-11 20:07:49', '2019-06-21 05:49:40', 1, 1),
(167, 32, 3, 0, 0, 0, 0, '2019-02-11 20:07:49', '2019-06-21 05:49:40', 1, 1),
(168, 35, 3, 0, 0, 0, 0, '2019-02-11 20:07:49', '2019-06-21 05:49:40', 1, 1),
(169, 36, 3, 0, 0, 0, 0, '2019-02-11 20:07:49', '2019-06-21 05:49:40', 1, 1),
(170, 39, 3, 0, 0, 0, 0, '2019-02-11 20:07:49', '2019-06-21 05:49:40', 1, 1),
(171, 40, 3, 0, 0, 0, 0, '2019-02-11 20:07:49', '2019-02-11 20:07:49', 1, 1),
(174, 45, 3, 0, 0, 0, 0, '2019-02-11 20:07:49', '2019-06-21 05:49:40', 1, 1),
(189, 1, 5, 0, 0, 0, 0, '2019-03-05 17:43:51', '2019-06-27 11:44:04', 1, 19),
(190, 18, 5, 0, 0, 0, 0, '2019-03-05 17:43:51', '2019-06-27 11:44:04', 1, 19),
(191, 22, 5, 0, 0, 0, 0, '2019-03-05 17:43:51', '2019-06-27 11:44:04', 1, 19),
(192, 23, 5, 0, 0, 0, 0, '2019-03-05 17:43:51', '2019-06-27 11:44:04', 1, 19),
(193, 32, 5, 0, 0, 0, 0, '2019-03-05 17:43:51', '2019-06-27 11:44:04', 1, 19),
(194, 35, 5, 1, 1, 1, 1, '2019-03-05 17:43:51', '2019-06-27 11:44:04', 1, 19),
(195, 36, 5, 0, 0, 0, 0, '2019-03-05 17:43:51', '2019-06-27 11:44:04', 1, 19),
(196, 39, 5, 1, 1, 1, 0, '2019-03-05 17:43:51', '2019-06-27 11:44:04', 1, 19),
(197, 40, 5, 1, 1, 1, 1, '2019-03-05 17:43:51', '2019-03-05 17:43:51', 1, 1),
(200, 45, 5, 0, 0, 0, 0, '2019-03-05 17:43:51', '2019-06-27 11:44:04', 1, 19),
(225, 1, 3, 0, 0, 0, 0, '2019-06-21 05:42:34', '2019-06-21 05:42:34', 1, 1),
(226, 18, 3, 0, 0, 0, 0, '2019-06-21 05:42:34', '2019-06-21 05:42:34', 1, 1),
(227, 22, 3, 0, 0, 0, 0, '2019-06-21 05:42:34', '2019-06-21 05:42:34', 1, 1),
(228, 23, 3, 0, 0, 0, 0, '2019-06-21 05:42:34', '2019-06-21 05:42:34', 1, 1),
(229, 32, 3, 0, 0, 0, 0, '2019-06-21 05:42:34', '2019-06-21 05:42:34', 1, 1),
(230, 35, 3, 0, 0, 0, 0, '2019-06-21 05:42:34', '2019-06-21 05:42:34', 1, 1),
(231, 36, 3, 0, 0, 0, 0, '2019-06-21 05:42:34', '2019-06-21 05:42:34', 1, 1),
(232, 39, 3, 0, 0, 0, 0, '2019-06-21 05:42:34', '2019-06-21 05:42:34', 1, 1),
(233, 40, 3, 0, 0, 0, 0, '2019-06-21 05:42:34', '2019-06-21 05:42:34', 1, 1),
(236, 45, 3, 0, 0, 0, 0, '2019-06-21 05:42:34', '2019-06-21 05:42:34', 1, 1),
(262, 1, 5, 1, 1, 1, 1, '2019-06-27 11:39:19', '2019-06-27 11:39:19', 19, 19),
(263, 18, 5, 1, 1, 1, 1, '2019-06-27 11:39:19', '2019-06-27 11:39:19', 19, 19),
(264, 22, 5, 1, 1, 1, 1, '2019-06-27 11:39:19', '2019-06-27 11:39:19', 19, 19),
(265, 23, 5, 1, 1, 1, 1, '2019-06-27 11:39:19', '2019-06-27 11:39:19', 19, 19),
(266, 32, 5, 1, 1, 1, 1, '2019-06-27 11:39:19', '2019-06-27 11:39:19', 19, 19),
(267, 35, 5, 1, 1, 1, 1, '2019-06-27 11:39:19', '2019-06-27 11:39:19', 19, 19),
(268, 36, 5, 1, 1, 1, 1, '2019-06-27 11:39:19', '2019-06-27 11:39:19', 19, 19),
(269, 39, 5, 1, 1, 1, 1, '2019-06-27 11:39:19', '2019-06-27 11:39:19', 19, 19),
(270, 40, 5, 1, 1, 1, 1, '2019-06-27 11:39:19', '2019-06-27 11:39:19', 19, 19),
(273, 45, 5, 1, 1, 1, 1, '2019-06-27 11:39:19', '2019-06-27 11:39:19', 19, 19),
(303, 70, 1, 1, 1, 1, 1, '2019-07-02 06:14:46', '2019-07-02 06:14:46', 1, 1),
(304, 70, 2, 1, 1, 1, 1, '2019-07-02 06:14:46', '2019-07-02 06:14:46', 1, 1),
(305, 70, 3, 0, 0, 0, 0, '2019-07-02 06:14:46', '2019-07-02 06:14:46', 1, 1),
(306, 70, 5, 0, 0, 0, 0, '2019-07-02 06:14:46', '2019-07-02 06:14:46', 1, 1),
(307, 71, 1, 1, 1, 1, 1, '2019-08-05 13:16:16', '2019-08-05 13:16:16', 1, 1),
(308, 71, 2, 1, 1, 1, 1, '2019-08-05 13:16:16', '2019-08-05 13:16:16', 1, 1),
(309, 71, 3, 0, 0, 0, 0, '2019-08-05 13:16:16', '2019-08-05 13:16:16', 1, 1),
(310, 71, 5, 0, 0, 0, 0, '2019-08-05 13:16:16', '2019-08-05 13:16:16', 1, 1),
(311, 72, 1, 1, 1, 1, 1, '2019-08-05 13:20:59', '2019-08-05 13:20:59', 1, 1),
(312, 72, 2, 1, 1, 1, 1, '2019-08-05 13:20:59', '2019-08-05 13:20:59', 1, 1),
(313, 72, 3, 0, 0, 0, 0, '2019-08-05 13:20:59', '2019-08-05 13:20:59', 1, 1),
(314, 72, 5, 0, 0, 0, 0, '2019-08-05 13:20:59', '2019-08-05 13:20:59', 1, 1),
(343, 1, 6, 0, 0, 0, 0, '2019-11-08 16:57:14', '2019-11-08 17:01:35', 1, 1),
(344, 18, 6, 1, 1, 1, 1, '2019-11-08 16:57:14', '2019-11-08 16:57:14', 1, 1),
(345, 22, 6, 0, 0, 0, 0, '2019-11-08 16:57:14', '2019-11-08 17:01:35', 1, 1),
(346, 23, 6, 0, 0, 0, 0, '2019-11-08 16:57:14', '2019-11-08 17:01:35', 1, 1),
(347, 32, 6, 0, 0, 0, 0, '2019-11-08 16:57:14', '2019-11-08 17:01:35', 1, 1),
(348, 35, 6, 0, 0, 0, 0, '2019-11-08 16:57:14', '2019-11-08 17:01:35', 1, 1),
(349, 36, 6, 0, 0, 0, 0, '2019-11-08 16:57:14', '2019-11-08 17:01:35', 1, 1),
(350, 39, 6, 0, 0, 0, 0, '2019-11-08 16:57:14', '2019-11-08 17:01:35', 1, 1),
(351, 40, 6, 1, 1, 1, 1, '2019-11-08 16:57:14', '2019-11-08 16:57:14', 1, 1),
(354, 45, 6, 1, 1, 1, 1, '2019-11-08 16:57:14', '2019-11-08 17:01:35', 1, 1),
(378, 70, 6, 0, 0, 0, 0, '2019-11-08 16:57:14', '2019-11-08 17:01:35', 1, 1),
(379, 71, 6, 0, 0, 0, 0, '2019-11-08 16:57:14', '2019-11-08 17:01:35', 1, 1),
(380, 72, 6, 1, 1, 1, 1, '2019-11-08 16:57:14', '2019-11-08 17:01:35', 1, 1),
(381, 73, 1, 1, 1, 1, 1, '2019-12-19 04:39:00', '2019-12-19 04:39:00', 1, 1),
(382, 73, 2, 1, 1, 1, 1, '2019-12-19 04:39:00', '2019-12-19 04:39:00', 1, 1),
(383, 73, 3, 0, 0, 0, 0, '2019-12-19 04:39:00', '2019-12-19 04:39:00', 1, 1),
(384, 73, 4, 0, 0, 0, 0, '2019-12-19 04:39:00', '2020-01-07 08:18:16', 1, 1),
(385, 74, 1, 1, 1, 1, 1, '2019-12-19 04:40:49', '2019-12-19 04:40:49', 1, 1),
(386, 74, 2, 1, 1, 1, 1, '2019-12-19 04:40:49', '2019-12-19 04:40:49', 1, 1),
(387, 74, 3, 0, 0, 0, 0, '2019-12-19 04:40:49', '2019-12-19 04:40:49', 1, 1),
(388, 74, 4, 0, 0, 0, 0, '2019-12-19 04:40:49', '2020-01-07 08:18:16', 1, 1),
(389, 75, 1, 1, 1, 1, 1, '2019-12-19 05:35:50', '2019-12-19 05:35:50', 1, 1),
(390, 75, 2, 1, 1, 1, 1, '2019-12-19 05:35:50', '2019-12-19 05:35:50', 1, 1),
(391, 75, 3, 0, 0, 0, 0, '2019-12-19 05:35:50', '2019-12-19 05:35:50', 1, 1),
(392, 75, 4, 0, 0, 0, 0, '2019-12-19 05:35:50', '2020-01-07 08:18:16', 1, 1),
(393, 76, 1, 1, 1, 1, 1, '2019-12-20 04:14:04', '2019-12-20 04:14:04', 1, 1),
(394, 76, 2, 1, 1, 1, 1, '2019-12-20 04:14:04', '2019-12-20 04:14:04', 1, 1),
(395, 76, 3, 0, 0, 0, 0, '2019-12-20 04:14:04', '2019-12-20 04:14:04', 1, 1),
(396, 76, 4, 0, 0, 0, 0, '2019-12-20 04:14:04', '2020-01-07 08:18:16', 1, 1),
(397, 77, 1, 1, 1, 1, 1, '2019-12-20 04:16:37', '2019-12-20 04:16:37', 1, 1),
(398, 77, 2, 1, 1, 1, 1, '2019-12-20 04:16:37', '2019-12-20 04:16:37', 1, 1),
(399, 77, 3, 0, 0, 0, 0, '2019-12-20 04:16:37', '2019-12-20 04:16:37', 1, 1),
(400, 77, 4, 0, 0, 0, 0, '2019-12-20 04:16:37', '2019-12-20 04:16:37', 1, 1),
(401, 78, 1, 1, 1, 1, 1, '2020-01-06 05:56:35', '2020-01-06 05:56:35', 1, 1),
(402, 78, 2, 1, 1, 1, 1, '2020-01-06 05:56:35', '2020-01-06 05:56:35', 1, 1),
(403, 78, 3, 0, 0, 0, 0, '2020-01-06 05:56:35', '2020-01-06 05:56:35', 1, 1),
(404, 78, 4, 1, 1, 0, 0, '2020-01-06 05:56:35', '2020-01-07 08:18:16', 1, 1),
(405, 79, 1, 1, 1, 1, 1, '2020-01-06 08:23:42', '2020-01-06 08:23:42', 1, 1),
(406, 79, 2, 1, 1, 1, 1, '2020-01-06 08:23:42', '2020-01-06 08:23:42', 1, 1),
(407, 79, 3, 0, 0, 0, 0, '2020-01-06 08:23:42', '2020-01-06 08:23:42', 1, 1),
(408, 79, 4, 0, 0, 0, 0, '2020-01-06 08:23:42', '2020-01-07 08:18:16', 1, 1);

-- --------------------------------------------------------

--
-- Table structure for table `modules_text`
--

CREATE TABLE `modules_text` (
  `ModuleTextID` int(11) NOT NULL,
  `ModuleID` int(11) NOT NULL,
  `Title` varchar(255) NOT NULL,
  `SystemLanguageID` int(11) NOT NULL,
  `CreatedAt` datetime NOT NULL,
  `UpdatedAt` datetime NOT NULL,
  `CreatedBy` int(11) NOT NULL,
  `UpdatedBy` int(11) NOT NULL
) ENGINE=InnoDB DEFAULT CHARSET=utf8;

--
-- Dumping data for table `modules_text`
--

INSERT INTO `modules_text` (`ModuleTextID`, `ModuleID`, `Title`, `SystemLanguageID`, `CreatedAt`, `UpdatedAt`, `CreatedBy`, `UpdatedBy`) VALUES
(1, 18, 'Module', 1, '2018-04-19 15:22:06', '2018-04-19 15:22:06', 1, 1),
(5, 22, 'Roles', 1, '2018-05-02 12:10:33', '2018-05-02 12:10:33', 1, 1),
(6, 23, 'Users', 1, '2018-05-02 12:44:19', '2018-05-02 12:44:19', 1, 1),
(15, 32, 'City', 1, '2018-05-03 14:01:59', '2018-05-03 14:01:59', 1, 1),
(18, 35, 'District', 1, '2018-05-03 15:49:43', '2018-05-03 15:49:43', 1, 1),
(26, 1, 'Settings', 1, '2018-05-09 00:00:00', '2018-11-30 10:32:35', 1, 1),
(27, 36, 'Site Setting', 1, '2018-06-29 07:34:18', '2018-06-29 07:34:18', 1, 1),
(30, 39, 'Email Templates', 1, '2018-07-02 16:26:28', '2018-07-02 16:26:28', 1, 1),
(31, 40, 'Languages ', 1, '2018-07-04 14:12:11', '2018-07-04 14:12:23', 1, 1),
(34, 45, 'Content Pages', 1, '2018-12-19 05:54:48', '2018-12-19 05:54:48', 1, 1),
(49, 60, 'Send Notifications', 1, '2019-01-07 13:27:24', '2019-01-07 13:27:24', 1, 1),
(60, 71, 'Site Content', 1, '2019-08-05 13:16:16', '2019-08-05 13:16:16', 1, 1),
(61, 72, 'Home Slides', 1, '2019-08-05 13:20:59', '2019-08-05 13:20:59', 1, 1),
(62, 73, 'Departments', 1, '2019-12-19 04:39:00', '2019-12-19 04:39:00', 1, 1),
(63, 74, 'Programs', 1, '2019-12-19 04:40:49', '2019-12-19 04:40:49', 1, 1),
(64, 75, 'Classes', 1, '2019-12-19 05:35:50', '2019-12-19 05:35:50', 1, 1),
(65, 76, 'Domain', 1, '2019-12-20 04:14:04', '2019-12-20 04:14:04', 1, 1),
(66, 77, 'Functional Requirements', 1, '2019-12-20 04:16:37', '2019-12-20 04:16:37', 1, 1),
(67, 78, 'Fyp Registration', 1, '2020-01-06 05:56:35', '2020-01-06 05:56:35', 1, 1),
(68, 79, 'Sessions', 1, '2020-01-06 08:23:42', '2020-01-06 08:23:42', 1, 1);

-- --------------------------------------------------------

--
-- Table structure for table `modules_users_rights`
--

CREATE TABLE `modules_users_rights` (
  `ModuleRightID` int(11) NOT NULL,
  `ModuleID` int(11) NOT NULL,
  `UserID` int(11) NOT NULL,
  `CanView` tinyint(4) NOT NULL,
  `CanAdd` tinyint(4) NOT NULL,
  `CanEdit` tinyint(4) NOT NULL,
  `CanDelete` tinyint(4) NOT NULL,
  `CreatedAt` datetime NOT NULL,
  `UpdatedAt` datetime NOT NULL,
  `CreatedBy` int(11) NOT NULL,
  `UpdatedBy` int(11) NOT NULL
) ENGINE=InnoDB DEFAULT CHARSET=utf8;

--
-- Dumping data for table `modules_users_rights`
--

INSERT INTO `modules_users_rights` (`ModuleRightID`, `ModuleID`, `UserID`, `CanView`, `CanAdd`, `CanEdit`, `CanDelete`, `CreatedAt`, `UpdatedAt`, `CreatedBy`, `UpdatedBy`) VALUES
(17, 1, 1, 1, 1, 1, 0, '2018-06-28 10:55:57', '2018-12-20 08:27:27', 1, 1),
(18, 18, 1, 1, 1, 1, 1, '2018-06-28 10:55:57', '2018-12-20 08:27:27', 1, 1),
(19, 22, 1, 1, 1, 1, 1, '2018-06-28 10:55:57', '2018-12-20 08:27:27', 1, 1),
(20, 23, 1, 1, 1, 1, 1, '2018-06-28 10:55:57', '2018-12-20 08:27:27', 1, 1),
(21, 32, 1, 1, 1, 1, 1, '2018-06-28 10:55:57', '2018-12-20 08:27:27', 1, 1),
(22, 35, 1, 1, 1, 1, 1, '2018-06-28 10:55:57', '2018-12-20 08:27:27', 1, 1),
(23, 36, 1, 1, 1, 1, 1, '2018-06-29 12:42:13', '2018-06-29 12:42:13', 1, 1),
(28, 39, 1, 1, 1, 1, 1, '2018-07-02 16:26:28', '2018-07-02 16:26:28', 1, 1),
(30, 40, 1, 1, 1, 1, 1, '2018-07-04 14:12:11', '2018-07-04 14:12:11', 1, 1),
(48, 43, 1, 1, 1, 1, 1, '2018-10-03 19:48:40', '2018-12-20 08:27:27', 1, 1),
(123, 45, 1, 1, 1, 1, 1, '2018-10-09 07:12:05', '2018-12-20 08:27:27', 1, 1),
(130, 47, 1, 1, 1, 1, 1, '2018-11-01 06:32:12', '2018-11-01 07:04:07', 1, 1),
(143, 46, 1, 1, 1, 1, 1, '2018-11-01 06:32:12', '2018-12-20 08:27:27', 1, 1),
(144, 48, 1, 1, 1, 1, 1, '2018-11-01 07:29:59', '2018-11-01 07:29:59', 1, 1),
(170, 50, 1, 1, 1, 1, 1, '2018-11-15 08:35:05', '2018-11-15 08:35:05', 1, 1),
(189, 51, 1, 1, 1, 1, 1, '2018-11-15 10:21:49', '2018-11-15 10:21:49', 1, 1),
(208, 52, 1, 1, 1, 1, 1, '2018-11-16 11:22:54', '2018-11-16 11:22:54', 1, 1),
(227, 53, 1, 1, 1, 1, 1, '2018-11-19 07:30:34', '2018-11-19 07:30:34', 1, 1),
(247, 54, 1, 1, 1, 1, 1, '2018-11-22 07:40:38', '2018-11-22 07:40:38', 1, 1),
(267, 55, 1, 1, 1, 1, 1, '2018-11-22 13:47:48', '2018-11-22 13:47:48', 1, 1),
(287, 56, 1, 1, 1, 1, 1, '2018-11-26 12:55:27', '2018-11-26 12:55:27', 1, 1),
(307, 58, 1, 1, 1, 1, 1, '2018-11-27 12:23:51', '2018-11-27 12:23:51', 1, 1),
(327, 59, 1, 1, 1, 1, 1, '2018-11-28 09:29:03', '2018-11-28 09:29:03', 1, 1),
(347, 60, 1, 1, 1, 1, 1, '2018-11-28 09:31:07', '2018-11-28 09:31:07', 1, 1),
(367, 61, 1, 1, 1, 1, 1, '2018-11-28 09:32:02', '2018-11-28 09:32:02', 1, 1),
(387, 62, 1, 1, 1, 1, 1, '2018-11-30 08:20:18', '2018-11-30 08:20:18', 1, 1),
(392, 63, 1, 1, 1, 1, 1, '2018-11-30 08:24:03', '2018-11-30 08:24:03', 1, 1),
(397, 64, 1, 1, 1, 1, 1, '2018-11-30 08:28:16', '2018-11-30 08:28:16', 1, 1),
(402, 65, 1, 1, 1, 1, 1, '2018-11-30 09:34:59', '2018-11-30 09:34:59', 1, 1),
(407, 66, 1, 1, 1, 1, 1, '2018-11-30 09:37:50', '2018-11-30 09:37:50', 1, 1),
(412, 67, 1, 1, 1, 1, 1, '2018-12-11 06:50:04', '2018-12-11 06:50:04', 1, 1),
(420, 68, 1, 1, 1, 1, 1, '2018-12-11 06:51:20', '2018-12-11 06:51:20', 1, 1),
(428, 69, 1, 1, 1, 1, 1, '2018-12-11 06:53:12', '2018-12-11 06:53:12', 1, 1),
(436, 70, 1, 1, 1, 1, 1, '2018-12-11 06:59:04', '2018-12-11 06:59:04', 1, 1),
(444, 44, 1, 1, 1, 1, 1, '2018-12-17 07:07:41', '2018-12-20 08:27:27', 1, 1),
(455, 45, 1, 1, 1, 1, 1, '2018-12-19 05:54:48', '2018-12-19 05:54:48', 1, 1),
(476, 46, 1, 1, 1, 1, 1, '2018-12-19 06:36:39', '2018-12-19 06:36:39', 1, 1),
(510, 47, 1, 1, 1, 1, 1, '2018-12-21 09:19:50', '2018-12-21 09:19:50', 1, 1),
(537, 48, 1, 1, 1, 1, 1, '2018-12-21 09:43:33', '2018-12-21 09:43:33', 1, 1),
(591, 50, 1, 1, 1, 1, 1, '2018-12-21 09:50:43', '2018-12-21 09:50:43', 1, 1),
(618, 51, 1, 1, 1, 1, 1, '2018-12-21 09:51:27', '2018-12-21 09:51:27', 1, 1),
(645, 52, 1, 1, 1, 1, 1, '2018-12-21 09:52:06', '2018-12-21 09:52:06', 1, 1),
(672, 53, 1, 1, 1, 1, 1, '2018-12-21 09:52:39', '2018-12-21 09:52:39', 1, 1),
(699, 54, 1, 1, 1, 1, 1, '2018-12-21 11:00:54', '2018-12-21 11:00:54', 1, 1),
(726, 55, 1, 1, 1, 1, 1, '2018-12-24 07:12:54', '2018-12-24 07:12:54', 1, 1),
(754, 56, 1, 1, 1, 1, 1, '2018-12-24 08:02:11', '2018-12-24 08:02:11', 1, 1),
(782, 57, 1, 1, 1, 1, 1, '2018-12-26 07:06:18', '2018-12-26 07:06:18', 1, 1),
(811, 58, 1, 1, 1, 1, 1, '2018-12-27 13:38:22', '2018-12-27 13:38:22', 1, 1),
(841, 59, 1, 1, 1, 1, 1, '2019-01-04 09:36:11', '2019-01-04 09:36:11', 1, 1),
(872, 60, 1, 1, 1, 1, 1, '2019-01-07 13:27:24', '2019-01-07 13:27:24', 1, 1),
(929, 61, 1, 1, 1, 1, 1, '2019-04-23 08:46:48', '2019-04-23 08:46:48', 1, 1),
(950, 62, 1, 1, 1, 1, 1, '2019-04-24 12:50:53', '2019-04-24 12:50:53', 1, 1),
(977, 63, 1, 1, 1, 1, 1, '2019-04-30 10:17:16', '2019-04-30 10:17:16', 1, 1),
(1048, 64, 1, 1, 1, 1, 1, '2019-06-11 11:05:33', '2019-06-11 11:05:33', 1, 1),
(1050, 65, 1, 1, 1, 1, 1, '2019-06-18 07:27:50', '2019-06-18 07:27:50', 1, 1),
(1713, 66, 1, 1, 1, 1, 1, '2019-06-25 07:29:23', '2019-06-25 07:29:23', 1, 1),
(2104, 67, 1, 1, 1, 1, 1, '2019-06-27 11:35:38', '2019-06-27 11:35:38', 19, 19),
(2116, 68, 1, 1, 1, 1, 1, '2019-07-02 06:10:43', '2019-07-02 06:10:43', 1, 1),
(2131, 69, 1, 1, 1, 1, 1, '2019-07-02 06:13:18', '2019-07-02 06:13:18', 1, 1),
(2146, 70, 1, 1, 1, 1, 1, '2019-07-02 06:14:46', '2019-07-02 06:14:46', 1, 1),
(2413, 71, 1, 1, 1, 1, 1, '2019-08-05 13:16:16', '2019-08-05 13:16:16', 1, 1),
(2422, 72, 1, 1, 1, 1, 1, '2019-08-05 13:20:59', '2019-08-05 13:20:59', 1, 1),
(2431, 73, 1, 1, 1, 1, 1, '2019-08-06 07:27:28', '2019-08-06 07:27:28', 1, 1),
(2440, 74, 1, 1, 1, 1, 1, '2019-08-06 09:48:55', '2019-08-06 09:48:55', 1, 1),
(2449, 75, 1, 1, 1, 1, 1, '2019-08-06 10:05:12', '2019-08-06 10:05:12', 1, 1),
(2458, 76, 1, 1, 1, 1, 1, '2019-08-06 10:50:31', '2019-08-06 10:50:31', 1, 1),
(2467, 77, 1, 1, 1, 1, 1, '2019-08-07 05:56:34', '2019-08-07 05:56:34', 1, 1),
(110191, 78, 1, 1, 1, 1, 1, '2019-08-20 09:48:36', '2019-08-20 09:48:36', 1, 1),
(114163, 79, 1, 1, 1, 1, 1, '2019-09-27 06:38:37', '2019-09-27 06:38:37', 1, 1),
(123986, 80, 1, 1, 1, 1, 1, '2019-12-10 08:04:52', '2019-12-10 08:04:52', 1, 1),
(129235, 81, 1, 1, 1, 1, 1, '2019-12-10 08:10:54', '2019-12-10 08:10:54', 1, 1),
(129236, 82, 1, 1, 1, 1, 1, '2019-12-16 10:31:48', '2019-12-16 10:31:48', 1, 1),
(129237, 82, 2, 1, 1, 1, 1, '2019-12-16 10:31:48', '2019-12-16 10:31:48', 1, 1),
(129238, 82, 3, 0, 0, 0, 0, '2019-12-16 10:31:48', '2019-12-16 10:31:48', 1, 1),
(129239, 83, 1, 1, 1, 1, 1, '2019-12-16 10:40:20', '2019-12-16 10:40:20', 1, 1),
(129240, 83, 2, 1, 1, 1, 1, '2019-12-16 10:40:20', '2019-12-16 10:40:20', 1, 1),
(129241, 83, 3, 0, 0, 0, 0, '2019-12-16 10:40:20', '2019-12-16 10:40:20', 1, 1),
(129242, 84, 1, 1, 1, 1, 1, '2019-12-16 10:44:31', '2019-12-16 10:44:31', 1, 1),
(129243, 84, 2, 1, 1, 1, 1, '2019-12-16 10:44:31', '2019-12-16 10:44:31', 1, 1),
(129244, 84, 3, 0, 0, 0, 0, '2019-12-16 10:44:31', '2019-12-16 10:44:31', 1, 1),
(129245, 85, 1, 1, 1, 1, 1, '2019-12-16 10:50:42', '2019-12-16 10:50:42', 1, 1),
(129246, 85, 2, 1, 1, 1, 1, '2019-12-16 10:50:42', '2019-12-16 10:50:42', 1, 1),
(129247, 85, 3, 0, 0, 0, 0, '2019-12-16 10:50:42', '2019-12-16 10:50:42', 1, 1),
(129248, 86, 1, 1, 1, 1, 1, '2019-12-16 10:55:39', '2019-12-16 10:55:39', 1, 1),
(129249, 86, 2, 1, 1, 1, 1, '2019-12-16 10:55:39', '2019-12-16 10:55:39', 1, 1),
(129250, 86, 3, 0, 0, 0, 0, '2019-12-16 10:55:39', '2019-12-16 10:55:39', 1, 1),
(129251, 87, 1, 1, 1, 1, 1, '2019-12-16 10:59:27', '2019-12-16 10:59:27', 1, 1),
(129252, 87, 2, 1, 1, 1, 1, '2019-12-16 10:59:27', '2019-12-16 10:59:27', 1, 1),
(129253, 87, 3, 0, 0, 0, 0, '2019-12-16 10:59:27', '2019-12-16 10:59:27', 1, 1),
(129254, 73, 1, 1, 1, 1, 1, '2019-12-19 04:39:00', '2019-12-19 04:39:00', 1, 1),
(129255, 73, 2, 1, 1, 1, 1, '2019-12-19 04:39:00', '2019-12-19 04:39:00', 1, 1),
(129256, 73, 3, 0, 0, 0, 0, '2019-12-19 04:39:00', '2019-12-19 04:39:00', 1, 1),
(129257, 74, 1, 1, 1, 1, 1, '2019-12-19 04:40:49', '2019-12-19 04:40:49', 1, 1),
(129258, 74, 2, 1, 1, 1, 1, '2019-12-19 04:40:49', '2019-12-19 04:40:49', 1, 1),
(129259, 74, 3, 0, 0, 0, 0, '2019-12-19 04:40:49', '2019-12-19 04:40:49', 1, 1),
(129260, 75, 1, 1, 1, 1, 1, '2019-12-19 05:35:50', '2019-12-19 05:35:50', 1, 1),
(129261, 75, 2, 1, 1, 1, 1, '2019-12-19 05:35:50', '2019-12-19 05:35:50', 1, 1),
(129262, 75, 3, 0, 0, 0, 0, '2019-12-19 05:35:50', '2019-12-19 05:35:50', 1, 1),
(129263, 76, 1, 1, 1, 1, 1, '2019-12-20 04:14:04', '2019-12-20 04:14:04', 1, 1),
(129264, 76, 2, 1, 1, 1, 1, '2019-12-20 04:14:04', '2019-12-20 04:14:04', 1, 1),
(129265, 76, 3, 0, 0, 0, 0, '2019-12-20 04:14:04', '2019-12-20 04:14:04', 1, 1),
(129266, 77, 1, 1, 1, 1, 1, '2019-12-20 04:16:37', '2019-12-20 04:16:37', 1, 1),
(129267, 77, 2, 1, 1, 1, 1, '2019-12-20 04:16:37', '2019-12-20 04:16:37', 1, 1),
(129268, 77, 3, 0, 0, 0, 0, '2019-12-20 04:16:37', '2019-12-20 04:16:37', 1, 1),
(129269, 78, 1, 1, 1, 1, 1, '2020-01-06 05:56:35', '2020-01-06 05:56:35', 1, 1),
(129270, 78, 2, 1, 1, 1, 1, '2020-01-06 05:56:35', '2020-01-06 05:56:35', 1, 1),
(129271, 78, 3, 0, 0, 0, 0, '2020-01-06 05:56:35', '2020-01-06 05:56:35', 1, 1),
(129272, 79, 1, 1, 1, 1, 1, '2020-01-06 08:23:42', '2020-01-06 08:23:42', 1, 1),
(129273, 79, 2, 1, 1, 1, 1, '2020-01-06 08:23:42', '2020-01-06 08:23:42', 1, 1),
(129274, 79, 3, 0, 0, 0, 0, '2020-01-06 08:23:42', '2020-01-06 08:23:42', 1, 1);

-- --------------------------------------------------------

--
-- Table structure for table `news`
--

CREATE TABLE `news` (
  `NewsID` int(11) NOT NULL,
  `Image` varchar(255) NOT NULL,
  `SortOrder` int(11) NOT NULL,
  `Hide` tinyint(4) NOT NULL,
  `IsActive` tinyint(4) NOT NULL,
  `CreatedAt` datetime NOT NULL,
  `UpdatedAt` datetime NOT NULL,
  `CreatedBy` int(11) NOT NULL,
  `UpdatedBy` int(11) NOT NULL
) ENGINE=InnoDB DEFAULT CHARSET=utf8;

-- --------------------------------------------------------

--
-- Table structure for table `news_text`
--

CREATE TABLE `news_text` (
  `NewsTextID` int(11) NOT NULL,
  `NewsID` int(11) NOT NULL,
  `Title` varchar(255) NOT NULL,
  `Description` text NOT NULL,
  `SystemLanguageID` int(11) NOT NULL,
  `CreatedAt` datetime NOT NULL,
  `UpdatedAt` datetime NOT NULL,
  `CreatedBy` int(11) NOT NULL,
  `UpdatedBy` int(11) NOT NULL
) ENGINE=InnoDB DEFAULT CHARSET=utf8;

-- --------------------------------------------------------

--
-- Table structure for table `notifications`
--

CREATE TABLE `notifications` (
  `NotificationID` int(11) NOT NULL,
  `NotificationFrom` int(11) NOT NULL,
  `NotificationTo` int(11) NOT NULL,
  `FypID` int(11) NOT NULL,
  `Title` varchar(255) NOT NULL,
  `Description` varchar(255) CHARACTER SET utf8 NOT NULL,
  `NotificationType` enum('partner_request_notification','supervisor_fyp_notification') NOT NULL,
  `IsRead` tinyint(4) NOT NULL DEFAULT '0',
  `CreatedAt` varchar(255) NOT NULL
) ENGINE=InnoDB DEFAULT CHARSET=latin1;

--
-- Dumping data for table `notifications`
--

INSERT INTO `notifications` (`NotificationID`, `NotificationFrom`, `NotificationTo`, `FypID`, `Title`, `Description`, `NotificationType`, `IsRead`, `CreatedAt`) VALUES
(1, 4, 5, 1, 'FYP Request', 'You have a request for FYP registration', 'partner_request_notification', 0, '1578387676'),
(2, 4, 3, 1, 'FYP Request', 'You have a request for FYP registration approval.', 'supervisor_fyp_notification', 0, '1578387676');

-- --------------------------------------------------------

--
-- Table structure for table `pages`
--

CREATE TABLE `pages` (
  `PageID` int(11) NOT NULL,
  `Image` varchar(255) NOT NULL,
  `Contact` varchar(255) NOT NULL,
  `Whatsapp` varchar(255) NOT NULL,
  `Email` varchar(255) NOT NULL,
  `Linkedin` varchar(255) NOT NULL,
  `Facebook` varchar(255) NOT NULL,
  `Instagram` varchar(255) NOT NULL,
  `Twitter` varchar(255) NOT NULL,
  `SortOrder` int(11) NOT NULL,
  `Hide` tinyint(4) NOT NULL,
  `IsActive` tinyint(4) NOT NULL,
  `CreatedAt` datetime NOT NULL,
  `UpdatedAt` datetime NOT NULL,
  `CreatedBy` int(11) NOT NULL,
  `UpdatedBy` int(11) NOT NULL
) ENGINE=InnoDB DEFAULT CHARSET=utf8;

--
-- Dumping data for table `pages`
--

INSERT INTO `pages` (`PageID`, `Image`, `Contact`, `Whatsapp`, `Email`, `Linkedin`, `Facebook`, `Instagram`, `Twitter`, `SortOrder`, `Hide`, `IsActive`, `CreatedAt`, `UpdatedAt`, `CreatedBy`, `UpdatedBy`) VALUES
(1, 'uploads/images/822282786820190807112822login-bg_50_1513756891000.png', '', '', '', '', '', '', '', 0, 0, 1, '2018-12-19 06:00:56', '2019-09-04 19:52:07', 1, 1),
(2, 'uploads/images/6645418998320190808011141contactus.png', '', '', 'customer.care@exclusavecard.com', 'info@exclusavecard.com', 'merchants@exclusavecard.com', '920009819', '+966 554 002 033', 1, 0, 1, '2018-12-19 06:02:00', '2019-08-08 13:41:11', 1, 1),
(3, '', '', '', '', '', '', '', '', 2, 0, 1, '2018-12-19 07:34:39', '2019-02-25 09:25:05', 1, 1),
(8, 'uploads/images/9108735825620190807052449229825512420190513075623.png', '', '', '', '', '', '', '', 3, 0, 1, '2019-08-07 05:49:24', '2019-08-07 05:49:24', 1, 1),
(9, '', '', '', '', '', '', '', '', 4, 0, 1, '2019-08-09 07:50:39', '2019-08-09 07:50:39', 1, 1);

-- --------------------------------------------------------

--
-- Table structure for table `pages_text`
--

CREATE TABLE `pages_text` (
  `PageTextID` int(11) NOT NULL,
  `PageID` int(11) NOT NULL,
  `Title` varchar(255) NOT NULL,
  `Description` varchar(2000) NOT NULL,
  `SystemLanguageID` int(11) NOT NULL,
  `CreatedAt` datetime NOT NULL,
  `UpdatedAt` datetime NOT NULL,
  `CreatedBy` int(11) NOT NULL,
  `UpdatedBy` int(11) NOT NULL
) ENGINE=InnoDB DEFAULT CHARSET=utf8;

--
-- Dumping data for table `pages_text`
--

INSERT INTO `pages_text` (`PageTextID`, `PageID`, `Title`, `Description`, `SystemLanguageID`, `CreatedAt`, `UpdatedAt`, `CreatedBy`, `UpdatedBy`) VALUES
(1, 1, 'About Us', '<span style=\"color: #333333; font-family: Roboto, sans-serif; font-size: 14px;\">Exclusave is&nbsp;the leading students, employees and businessmen lifestyle e-card since 2013 in Saudi Arabia, giving hundreds of exclusive discounts and offers while&nbsp;</span><span style=\"box-sizing: border-box; color: #333333; font-family: Roboto, sans-serif; font-size: 14px;\">shopping at their favorite venues. After subscribing, all that is needed is to present the e-card before a purchase. Exclusave helps its members save money all year round in all aspects of day to day life whilst allowing them to experience a substantially increased standard of living</span>', 1, '2018-12-19 06:00:56', '2019-09-04 19:52:07', 1, 1),
(2, 1, 'Arabic About US', '<div style=\"text-align: justify;\"><span style=\"color: #333333; font-family: Tahoma, Verdana, Segoe, sans-serif; font-size: 14px;\">بطاقة اكسكلوسيف هي البطاقة الأولى التي تدعم أسلوب حياة الطلاب والموظفين وأصحاب الأعمال في المملكة العربية السعودية ، حيث تتيح لهم المئات من الخصومات الحصرية و العروض عند التسوق لدى الأماكن المشاركة معنا .بعد الحصول على معلومات الدخول الخاصة بهم، فإن كل مايحتاجوا إليه هو ابرازها قبل الشراء. بطاقة اكسكلوسيف تساعد أعضائها على توفير المال في جميع جوانب الحياة اليومية وتسمح لهم بتجربة مستوى معيشة أعلى. وهي بطاقة الكترونية باشتراك سنوي يحتسب من تاريخ اصداره.</span></div>', 2, '2018-12-19 06:01:28', '2019-10-15 10:34:05', 1, 1),
(3, 2, 'Contact Us', 'This is contact us page', 1, '2018-12-19 06:02:00', '2019-08-08 13:41:11', 1, 1),
(4, 2, 'Arabic Contact Us', 'Arabic Contact Us Description', 2, '2018-12-19 06:02:20', '2018-12-19 06:02:20', 1, 1),
(5, 3, 'Registration Terms and Conditions', 'International Vision Co. Maintenance Plus Privacy Policy What personal information do we collect from the people that visit our blog, webapplication or app? When ordering or registering on our application, as appropriate, you may be asked to enter your name, email address, mailing address, phone number or other details to help you with your experience. When do we collect information? We collect information from you when you register on our application or place an order. Provide us with feedback on our products or services. How do we protect your information? The data is protect behind strict isloated secured network enviroment. Third-party disclosure We do not sell, trade, or otherwise transfer to outside parties your Personally Identifiable Information. California Online Privacy Protection Act CalOPPA is the first state law in the nation to require commercial webapplications and online services to post a privacy policy. The law\'s reach stretches well beyond California to require any person or company in the United States (and conceivably the world) that operates webapplications collecting Personally Identifiable Information from California consumers to post a conspicuous privacy policy on its webapplication stating exactly the information being collected and those individuals or companies with whom it is being shared. See more at: http://consumercal.org/california-online-privacy-protection-act-caloppa/#sthash.0FdRbT51.dpuf According to CalOPPA, we agree to the following: Users can visit our application anonymously. Once this privacy policy is created, we will add a link to it on our home page or as a minimum, on the first significant page after entering our webapplication. Our Privacy Policy link includes the word \'Privacy\' and can easily be found on the page specified above. You will be notified of any Privacy Policy changes: &bull; On our Privacy Policy Page Can change your personal information: &bull; By emailing us &bull; By chatting with us or by contact us fo', 1, '2018-12-19 07:34:39', '2019-02-25 09:25:05', 1, 1),
(8, 3, 'Registration Terms and Conditions', '<ul>\r\n<li>These are service terms and conditions</li>\r\n</ul>', 2, '2018-12-19 07:34:39', '2018-12-19 12:26:42', 1, 1),
(13, 8, 'Partner with us', '<p>Exclusave is an innovative &amp; effective marketing tool that will help your business by increasing sales frequency, customers loyalty, and brand awareness.It\'s the best channel to reach your potential customers and build a connection. Our partners are increasing every day and we have lots of creative ideas to market for your business. Join us Now.</p>\r\n<p>Kindly, fill the form below with your business information and we will get in touch with you in maximum 3 days.</p>', 1, '2019-08-07 05:49:25', '2019-08-07 05:49:25', 1, 1),
(14, 9, 'Careers', 'Careers Description', 1, '2019-08-09 07:50:39', '2019-08-09 07:50:39', 1, 1);

-- --------------------------------------------------------

--
-- Table structure for table `programs`
--

CREATE TABLE `programs` (
  `ProgramID` int(11) NOT NULL,
  `Title` varchar(255) NOT NULL,
  `DepartmentID` int(11) NOT NULL,
  `SortOrder` int(11) NOT NULL,
  `Hide` tinyint(4) NOT NULL,
  `IsActive` tinyint(4) NOT NULL,
  `CreatedAt` datetime NOT NULL,
  `UpdatedAt` datetime NOT NULL,
  `CreatedBy` int(11) NOT NULL,
  `UpdatedBy` int(11) NOT NULL
) ENGINE=InnoDB DEFAULT CHARSET=utf8;

--
-- Dumping data for table `programs`
--

INSERT INTO `programs` (`ProgramID`, `Title`, `DepartmentID`, `SortOrder`, `Hide`, `IsActive`, `CreatedAt`, `UpdatedAt`, `CreatedBy`, `UpdatedBy`) VALUES
(1, 'Bechelor', 1, 0, 0, 1, '2019-12-19 05:14:46', '2019-12-19 05:15:55', 1, 1),
(2, 'Master', 2, 1, 0, 1, '2019-12-19 05:18:12', '2019-12-19 05:18:12', 1, 1);

-- --------------------------------------------------------

--
-- Table structure for table `roles`
--

CREATE TABLE `roles` (
  `RoleID` int(11) NOT NULL,
  `SortOrder` int(11) NOT NULL,
  `Hide` tinyint(4) NOT NULL DEFAULT '0',
  `IsActive` tinyint(4) NOT NULL,
  `CreatedBy` datetime NOT NULL,
  `UpdatedBy` datetime NOT NULL,
  `CreatedAt` datetime NOT NULL,
  `UpdatedAt` datetime NOT NULL
) ENGINE=InnoDB DEFAULT CHARSET=utf8;

--
-- Dumping data for table `roles`
--

INSERT INTO `roles` (`RoleID`, `SortOrder`, `Hide`, `IsActive`, `CreatedBy`, `UpdatedBy`, `CreatedAt`, `UpdatedAt`) VALUES
(1, 0, 0, 1, '0000-00-00 00:00:00', '0000-00-00 00:00:00', '2018-04-03 00:00:00', '2019-04-16 12:27:22'),
(2, 1, 0, 1, '0000-00-00 00:00:00', '0000-00-00 00:00:00', '2018-05-02 11:37:19', '2019-12-17 05:47:21'),
(3, 2, 0, 1, '0000-00-00 00:00:00', '0000-00-00 00:00:00', '2019-06-21 05:42:34', '2019-06-21 05:42:34'),
(4, 3, 0, 1, '2019-12-16 00:00:00', '2019-12-16 00:00:00', '2019-06-27 11:39:19', '2019-06-27 11:39:19');

-- --------------------------------------------------------

--
-- Table structure for table `roles_text`
--

CREATE TABLE `roles_text` (
  `RoleTextID` int(11) NOT NULL,
  `RoleID` int(11) NOT NULL,
  `Title` varchar(255) NOT NULL,
  `SystemLanguageID` int(11) NOT NULL,
  `CreatedAt` datetime NOT NULL,
  `UpdatedAt` datetime NOT NULL,
  `CreatedBy` int(11) NOT NULL,
  `UpdatedBy` int(11) NOT NULL
) ENGINE=InnoDB DEFAULT CHARSET=utf8;

--
-- Dumping data for table `roles_text`
--

INSERT INTO `roles_text` (`RoleTextID`, `RoleID`, `Title`, `SystemLanguageID`, `CreatedAt`, `UpdatedAt`, `CreatedBy`, `UpdatedBy`) VALUES
(1, 1, 'Admin', 1, '0000-00-00 00:00:00', '2019-04-16 12:27:23', 0, 1),
(2, 2, 'Batch Advisor', 1, '2018-05-02 11:37:19', '2019-12-17 05:47:21', 1, 1),
(7, 2, 'Badge Advisor', 2, '2019-04-16 12:27:12', '2019-04-16 13:15:36', 1, 1),
(8, 1, 'Admin', 2, '2019-04-16 12:27:28', '2019-04-16 12:27:28', 1, 1),
(11, 3, 'Supervisor', 1, '2019-06-21 05:42:34', '2019-06-21 05:42:34', 1, 1),
(12, 3, 'Supervisor', 2, '2019-06-21 05:42:34', '2019-06-21 05:42:34', 1, 1),
(13, 4, 'Student', 1, '2019-06-27 11:39:19', '2019-06-27 11:39:19', 19, 19),
(14, 4, 'Student', 2, '2019-06-27 11:39:19', '2019-06-27 11:39:19', 19, 19);

-- --------------------------------------------------------

--
-- Table structure for table `sessions`
--

CREATE TABLE `sessions` (
  `SessionID` int(11) NOT NULL,
  `Title` varchar(255) NOT NULL,
  `SortOrder` int(11) NOT NULL,
  `Hide` tinyint(4) NOT NULL,
  `IsActive` tinyint(4) NOT NULL,
  `CreatedAt` datetime NOT NULL,
  `UpdatedAt` datetime NOT NULL,
  `CreatedBy` int(11) NOT NULL,
  `UpdatedBy` int(11) NOT NULL
) ENGINE=InnoDB DEFAULT CHARSET=utf8;

--
-- Dumping data for table `sessions`
--

INSERT INTO `sessions` (`SessionID`, `Title`, `SortOrder`, `Hide`, `IsActive`, `CreatedAt`, `UpdatedAt`, `CreatedBy`, `UpdatedBy`) VALUES
(1, '2019 - 2023 Fall', 0, 0, 1, '2020-01-06 08:26:57', '2020-01-06 08:26:57', 1, 1),
(2, '2019 - 2023 Spring', 1, 0, 1, '2020-01-06 08:27:28', '2020-01-06 08:27:28', 1, 1);

-- --------------------------------------------------------

--
-- Table structure for table `site_images`
--

CREATE TABLE `site_images` (
  `SiteImageID` int(11) NOT NULL,
  `ImageType` varchar(50) NOT NULL,
  `FileID` int(11) NOT NULL,
  `ImageName` varchar(255) NOT NULL
) ENGINE=InnoDB DEFAULT CHARSET=utf8;

--
-- Dumping data for table `site_images`
--

INSERT INTO `site_images` (`SiteImageID`, `ImageType`, `FileID`, `ImageName`) VALUES
(1, 'EmailFile', 5, 'assets/backend/images/no_image.jpg'),
(2, 'EmailFile', 6, 'assets/backend/images/no_image.jpg');

-- --------------------------------------------------------

--
-- Table structure for table `site_settings`
--

CREATE TABLE `site_settings` (
  `SiteSettingID` int(11) NOT NULL,
  `SiteName` varchar(255) NOT NULL,
  `SiteImage` varchar(255) NOT NULL,
  `Email` varchar(255) NOT NULL,
  `Whatsapp` varchar(255) NOT NULL,
  `Skype` varchar(255) NOT NULL,
  `PhoneNumber` varchar(255) NOT NULL,
  `Fax` varchar(255) NOT NULL,
  `OpenTime` varchar(255) NOT NULL,
  `CloseTime` varchar(255) NOT NULL,
  `FacebookUrl` varchar(255) NOT NULL,
  `GoogleUrl` varchar(255) NOT NULL,
  `LinkedInUrl` varchar(255) NOT NULL,
  `TwitterUrl` varchar(255) NOT NULL,
  `InstagramUrl` varchar(255) NOT NULL,
  `VatNumber` varchar(255) NOT NULL,
  `VatPercentage` decimal(10,2) NOT NULL,
  `LoyaltyFactor` int(11) NOT NULL COMMENT 'Defines 1 SAR is equal to how many loyalty points',
  `DefaultPackageColorUpper` varchar(255) NOT NULL,
  `DefaultPackageColorLower` varchar(255) NOT NULL,
  `DefaultFontColor` varchar(255) NOT NULL,
  `IOSAppVersion` decimal(10,2) NOT NULL,
  `AndroidAppVersion` decimal(10,2) NOT NULL COMMENT 'This will be version code',
  `MerchantIOSAppVersion` decimal(10,0) NOT NULL,
  `MerchantAndroidAppVersion` decimal(10,0) NOT NULL,
  `CreatedAt` datetime NOT NULL,
  `UpdatedAt` datetime NOT NULL
) ENGINE=InnoDB DEFAULT CHARSET=utf8;

--
-- Dumping data for table `site_settings`
--

INSERT INTO `site_settings` (`SiteSettingID`, `SiteName`, `SiteImage`, `Email`, `Whatsapp`, `Skype`, `PhoneNumber`, `Fax`, `OpenTime`, `CloseTime`, `FacebookUrl`, `GoogleUrl`, `LinkedInUrl`, `TwitterUrl`, `InstagramUrl`, `VatNumber`, `VatPercentage`, `LoyaltyFactor`, `DefaultPackageColorUpper`, `DefaultPackageColorLower`, `DefaultFontColor`, `IOSAppVersion`, `AndroidAppVersion`, `MerchantIOSAppVersion`, `MerchantAndroidAppVersion`, `CreatedAt`, `UpdatedAt`) VALUES
(1, 'FYP', 'uploads/7509061133120190823105554orangecardbg.jpg', 'info@kfueit.com', '+9230012345678', '', '12345678', '', '1576476000', '1576519200', 'https://www.facebook.com//', 'www.google.com', 'www.linkedin.com', 'https://twitter.com/', 'http://instagram.com/', '0000000000000000', '0.00', 0, '#b78132', '#d4af6f', '#b78132', '1.00', '1.00', '0', '0', '2018-04-03 14:33:23', '2019-12-16 11:04:39');

-- --------------------------------------------------------

--
-- Table structure for table `system_languages`
--

CREATE TABLE `system_languages` (
  `SystemLanguageID` int(11) NOT NULL,
  `SystemLanguageTitle` varchar(255) NOT NULL,
  `ShortCode` varchar(255) NOT NULL,
  `IsDefault` tinyint(4) NOT NULL,
  `IsActive` tinyint(4) NOT NULL DEFAULT '1',
  `Hide` tinyint(4) NOT NULL DEFAULT '0',
  `CreatedAt` datetime NOT NULL,
  `UpdatedAt` datetime NOT NULL,
  `CreatedBy` int(11) NOT NULL,
  `UpdatedBy` int(11) NOT NULL
) ENGINE=InnoDB DEFAULT CHARSET=utf8;

--
-- Dumping data for table `system_languages`
--

INSERT INTO `system_languages` (`SystemLanguageID`, `SystemLanguageTitle`, `ShortCode`, `IsDefault`, `IsActive`, `Hide`, `CreatedAt`, `UpdatedAt`, `CreatedBy`, `UpdatedBy`) VALUES
(1, 'English', 'EN', 1, 0, 0, '2018-04-09 00:00:00', '2018-07-04 16:09:38', 0, 1),
(2, 'Arabic', 'AR', 0, 0, 0, '2018-04-09 00:00:00', '2018-07-04 16:07:19', 0, 1);

-- --------------------------------------------------------

--
-- Table structure for table `tools`
--

CREATE TABLE `tools` (
  `ToolID` int(11) NOT NULL,
  `Title` varchar(255) NOT NULL,
  `SortOrder` int(11) NOT NULL,
  `Hide` tinyint(4) NOT NULL,
  `IsActive` tinyint(4) NOT NULL,
  `CreatedAt` datetime NOT NULL,
  `UpdatedAt` datetime NOT NULL,
  `CreatedBy` int(11) NOT NULL,
  `UpdatedBy` int(11) NOT NULL
) ENGINE=InnoDB DEFAULT CHARSET=utf8;

-- --------------------------------------------------------

--
-- Table structure for table `users`
--

CREATE TABLE `users` (
  `UserID` int(11) NOT NULL,
  `RoleID` int(11) NOT NULL,
  `StoreID` int(11) DEFAULT NULL,
  `FirstName` varchar(255) CHARACTER SET utf8mb4 COLLATE utf8mb4_unicode_ci NOT NULL,
  `MiddleName` varchar(255) CHARACTER SET utf8mb4 COLLATE utf8mb4_unicode_ci NOT NULL,
  `LastName` varchar(255) CHARACTER SET utf8mb4 COLLATE utf8mb4_unicode_ci NOT NULL,
  `CardNumber` varchar(255) NOT NULL,
  `RegistrationNumber` varchar(255) NOT NULL,
  `Email` varchar(255) NOT NULL,
  `Mobile` varchar(255) NOT NULL,
  `FamilyMemberFirstName` varchar(255) NOT NULL,
  `FamilyMemberMiddleName` varchar(255) NOT NULL,
  `FamilyMemberLastName` varchar(255) NOT NULL,
  `FamilyMemberGender` enum('Male','Female') DEFAULT NULL,
  `FamilyMemberDob` varchar(255) NOT NULL,
  `FamilyMemberMobile` varchar(255) NOT NULL,
  `FamilyMemberImage` varchar(255) NOT NULL,
  `CityID` int(11) DEFAULT NULL COMMENT 'for time being set to 1',
  `CardID` int(11) DEFAULT NULL COMMENT 'For card members',
  `CouponID` int(11) DEFAULT NULL,
  `Password` varchar(255) NOT NULL,
  `DateOfBirth` varchar(255) NOT NULL,
  `Gender` varchar(255) NOT NULL,
  `CompanyName` varchar(255) CHARACTER SET utf8mb4 COLLATE utf8mb4_unicode_ci NOT NULL,
  `Position` varchar(255) NOT NULL,
  `Interest` varchar(255) NOT NULL COMMENT 'THis is basically category id',
  `IDImage` varchar(255) NOT NULL,
  `Image` varchar(500) NOT NULL,
  `CompressedImage` varchar(255) NOT NULL,
  `CoverImage` varchar(255) NOT NULL,
  `CompressedCoverImage` varchar(255) NOT NULL,
  `TransactionID` varchar(255) NOT NULL COMMENT 'This is the transaction ID of paytabs transaction',
  `Amount` decimal(10,2) NOT NULL,
  `ProfileCompletedPercentage` int(11) NOT NULL,
  `OnlineStatus` enum('Offline','Online','Busy') NOT NULL DEFAULT 'Offline',
  `IsVerified` tinyint(4) NOT NULL COMMENT 'This field will have 1 after admin verifies user',
  `IsActive` tinyint(4) NOT NULL DEFAULT '1',
  `IsFamilyMember` tinyint(4) NOT NULL,
  `OTP` varchar(255) NOT NULL COMMENT 'This is OTP that will be used for just once for verification',
  `DeviceType` varchar(50) NOT NULL,
  `DeviceToken` varchar(255) NOT NULL,
  `Notification` enum('on','off') NOT NULL DEFAULT 'on',
  `OS` varchar(255) NOT NULL,
  `AppStatus` tinyint(4) NOT NULL COMMENT '0 means background, 1 means foreground',
  `Hide` tinyint(4) NOT NULL,
  `MaritalStatus` varchar(255) NOT NULL,
  `RenewStatus` tinyint(4) NOT NULL,
  `SubscriptionStatus` tinyint(4) NOT NULL,
  `ExpiryDate` varchar(255) NOT NULL,
  `Barcode` varchar(255) NOT NULL,
  `HalfQrCode` varchar(255) NOT NULL,
  `FullQrCode` varchar(255) NOT NULL,
  `SubscriptionDate` datetime DEFAULT NULL,
  `RenewalDate` datetime NOT NULL,
  `Language` enum('EN','AR') NOT NULL DEFAULT 'EN' COMMENT 'User using app in language',
  `SortOrder` int(11) NOT NULL,
  `CreatedAt` varchar(255) NOT NULL,
  `UpdatedAt` varchar(255) NOT NULL,
  `CreatedBy` int(11) NOT NULL,
  `UpdatedBy` int(11) NOT NULL,
  `MyColumn` int(11) NOT NULL
) ENGINE=InnoDB DEFAULT CHARSET=utf8;

--
-- Dumping data for table `users`
--

INSERT INTO `users` (`UserID`, `RoleID`, `StoreID`, `FirstName`, `MiddleName`, `LastName`, `CardNumber`, `RegistrationNumber`, `Email`, `Mobile`, `FamilyMemberFirstName`, `FamilyMemberMiddleName`, `FamilyMemberLastName`, `FamilyMemberGender`, `FamilyMemberDob`, `FamilyMemberMobile`, `FamilyMemberImage`, `CityID`, `CardID`, `CouponID`, `Password`, `DateOfBirth`, `Gender`, `CompanyName`, `Position`, `Interest`, `IDImage`, `Image`, `CompressedImage`, `CoverImage`, `CompressedCoverImage`, `TransactionID`, `Amount`, `ProfileCompletedPercentage`, `OnlineStatus`, `IsVerified`, `IsActive`, `IsFamilyMember`, `OTP`, `DeviceType`, `DeviceToken`, `Notification`, `OS`, `AppStatus`, `Hide`, `MaritalStatus`, `RenewStatus`, `SubscriptionStatus`, `ExpiryDate`, `Barcode`, `HalfQrCode`, `FullQrCode`, `SubscriptionDate`, `RenewalDate`, `Language`, `SortOrder`, `CreatedAt`, `UpdatedAt`, `CreatedBy`, `UpdatedBy`, `MyColumn`) VALUES
(1, 1, 0, 'Admin', 'Admin', '', '', '', 'admin@fyp.com', '+923368809300', '', '', '', NULL, '', '', '', 7, NULL, NULL, '25d55ad283aa400af464c76d713c07ad', '', '', '', '', '', '', '', '', '', '', '', '0.00', 70, 'Offline', 0, 1, 0, '0', 'Android', 'eqUJfShNw38:APA91bF7r2tD3WoDxJwtE033TVCseXxUkeexMLROOXWPQtR9WyCaB7o0Wa6he10UKqTP0Ah-yaBC83-tZrvQgiYUa89pZQS1lqpa9VERe5_YaIHoqm0d4Dzl5IUbAWvSsqUGA0Irza9P', 'on', '', 0, 0, '', 0, 0, '', '', '', '', '2019-12-10 00:00:00', '2019-12-10 00:00:00', 'EN', 0, '1543388192', '2019-02-07 08:25:33', 0, 0, 0),
(2, 2, NULL, 'Badge', 'Advior', '', '', '', 'badge@kfueit.com', '03001234567', '', '', '', NULL, '', '', '', NULL, NULL, NULL, '25d55ad283aa400af464c76d713c07ad', '', '', '', '', '', '', '', '', '', '', '', '0.00', 0, 'Offline', 0, 1, 0, '', '', '', 'on', '', 0, 0, '', 0, 0, '', '', '', '', NULL, '0000-00-00 00:00:00', 'EN', 1, '2019-12-16 10:16:53', '2019-12-16 10:16:53', 1, 1, 0),
(3, 3, NULL, 'Supervisor', '', 'User', '', '', 'supervisor@kfueit.com', '923001234567', '', '', '', NULL, '', '', '', NULL, NULL, NULL, '25d55ad283aa400af464c76d713c07ad', '', '', '', '', '', '', '', '', '', '', '', '0.00', 0, 'Offline', 0, 1, 0, '', '', '', 'on', '', 0, 0, '', 0, 0, '', '', '', '', NULL, '0000-00-00 00:00:00', 'EN', 2, '2019-12-16 10:17:41', '2019-12-16 10:17:41', 1, 1, 0),
(4, 4, NULL, 'Sarfraz', '', 'Riaz', '', 'COSC19151004', 'sarfraz@kfueit.com', '923001234567', '', '', '', NULL, '', '', '', NULL, NULL, NULL, '25d55ad283aa400af464c76d713c07ad', '', '', '', '', '', '', '', '', '', '', '', '0.00', 0, 'Offline', 0, 1, 0, '', '', '', 'on', '', 0, 0, '', 0, 0, '', '', '', '', '2020-01-07 00:00:00', '2020-01-07 00:00:00', 'EN', 2, '2019-12-16 10:17:41', '2019-12-16 10:17:41', 1, 1, 0),
(5, 4, NULL, 'Amjad', '', 'Sabri', '', 'COSC19151018', 'amjad@kfueit.com', '923001234567', '', '', '', NULL, '', '', '', NULL, NULL, NULL, '25d55ad283aa400af464c76d713c07ad', '', '', '', '', '', '', '', '', '', '', '', '0.00', 0, 'Offline', 0, 1, 0, '', '', '', 'on', '', 0, 0, '', 0, 0, '', '', '', '', '2020-01-07 00:00:00', '2020-01-07 00:00:00', 'EN', 2, '2019-12-16 10:17:41', '2019-12-16 10:17:41', 1, 1, 0);

--
-- Indexes for dumped tables
--

--
-- Indexes for table `categories`
--
ALTER TABLE `categories`
  ADD PRIMARY KEY (`CategoryID`);

--
-- Indexes for table `categories_text`
--
ALTER TABLE `categories_text`
  ADD PRIMARY KEY (`CategoryTextID`),
  ADD KEY `categories_text_CategoryID_fk` (`CategoryID`);

--
-- Indexes for table `cities`
--
ALTER TABLE `cities`
  ADD PRIMARY KEY (`CityID`);

--
-- Indexes for table `cities_text`
--
ALTER TABLE `cities_text`
  ADD PRIMARY KEY (`CityTextID`),
  ADD KEY `FK_cities_text` (`CityID`);

--
-- Indexes for table `classes`
--
ALTER TABLE `classes`
  ADD PRIMARY KEY (`ClassID`);

--
-- Indexes for table `departments`
--
ALTER TABLE `departments`
  ADD PRIMARY KEY (`DepartmentID`);

--
-- Indexes for table `districts`
--
ALTER TABLE `districts`
  ADD PRIMARY KEY (`DistrictID`),
  ADD KEY `DistrictID` (`DistrictID`),
  ADD KEY `CityID` (`CityID`);

--
-- Indexes for table `districts_text`
--
ALTER TABLE `districts_text`
  ADD PRIMARY KEY (`DistrictTextID`),
  ADD KEY `DistrictID` (`DistrictID`),
  ADD KEY `DistrictTextID` (`DistrictTextID`);

--
-- Indexes for table `domains`
--
ALTER TABLE `domains`
  ADD PRIMARY KEY (`DomainID`);

--
-- Indexes for table `email_templates`
--
ALTER TABLE `email_templates`
  ADD PRIMARY KEY (`Email_templateID`);

--
-- Indexes for table `email_templates_text`
--
ALTER TABLE `email_templates_text`
  ADD PRIMARY KEY (`Email_templateTextID`),
  ADD KEY `email_templates_text_Email_templateID_fk` (`Email_templateID`);

--
-- Indexes for table `faqs`
--
ALTER TABLE `faqs`
  ADD PRIMARY KEY (`FaqID`);

--
-- Indexes for table `faqs_text`
--
ALTER TABLE `faqs_text`
  ADD PRIMARY KEY (`FaqTextID`),
  ADD KEY `faqs_text_FaqID_fk` (`FaqID`);

--
-- Indexes for table `feedbacks`
--
ALTER TABLE `feedbacks`
  ADD PRIMARY KEY (`FeedbackID`);

--
-- Indexes for table `functional_requirements`
--
ALTER TABLE `functional_requirements`
  ADD PRIMARY KEY (`Functional_requirementID`);

--
-- Indexes for table `fyps`
--
ALTER TABLE `fyps`
  ADD PRIMARY KEY (`FypID`);

--
-- Indexes for table `home_slides`
--
ALTER TABLE `home_slides`
  ADD PRIMARY KEY (`HomeSlideID`);

--
-- Indexes for table `home_slides_text`
--
ALTER TABLE `home_slides_text`
  ADD PRIMARY KEY (`HomeSlideTextID`),
  ADD KEY `home_slides_text_Home_slideID_fk` (`HomeSlideID`);

--
-- Indexes for table `languages`
--
ALTER TABLE `languages`
  ADD PRIMARY KEY (`LanguageID`);

--
-- Indexes for table `modules`
--
ALTER TABLE `modules`
  ADD PRIMARY KEY (`ModuleID`);

--
-- Indexes for table `modules_rights`
--
ALTER TABLE `modules_rights`
  ADD PRIMARY KEY (`ModuleRightID`),
  ADD KEY `fk_ModuleID` (`ModuleID`);

--
-- Indexes for table `modules_text`
--
ALTER TABLE `modules_text`
  ADD PRIMARY KEY (`ModuleTextID`),
  ADD KEY `ModuleID` (`ModuleID`);

--
-- Indexes for table `modules_users_rights`
--
ALTER TABLE `modules_users_rights`
  ADD PRIMARY KEY (`ModuleRightID`),
  ADD KEY `fk_ModuleID` (`ModuleID`);

--
-- Indexes for table `news`
--
ALTER TABLE `news`
  ADD PRIMARY KEY (`NewsID`);

--
-- Indexes for table `news_text`
--
ALTER TABLE `news_text`
  ADD PRIMARY KEY (`NewsTextID`),
  ADD KEY `newses_text_NewsID_fk` (`NewsID`);

--
-- Indexes for table `notifications`
--
ALTER TABLE `notifications`
  ADD PRIMARY KEY (`NotificationID`);

--
-- Indexes for table `pages`
--
ALTER TABLE `pages`
  ADD PRIMARY KEY (`PageID`);

--
-- Indexes for table `pages_text`
--
ALTER TABLE `pages_text`
  ADD PRIMARY KEY (`PageTextID`),
  ADD KEY `pages_text_PageID_fk` (`PageID`);

--
-- Indexes for table `programs`
--
ALTER TABLE `programs`
  ADD PRIMARY KEY (`ProgramID`);

--
-- Indexes for table `roles`
--
ALTER TABLE `roles`
  ADD PRIMARY KEY (`RoleID`);

--
-- Indexes for table `roles_text`
--
ALTER TABLE `roles_text`
  ADD PRIMARY KEY (`RoleTextID`),
  ADD KEY `RoleID` (`RoleID`);

--
-- Indexes for table `sessions`
--
ALTER TABLE `sessions`
  ADD PRIMARY KEY (`SessionID`);

--
-- Indexes for table `site_images`
--
ALTER TABLE `site_images`
  ADD PRIMARY KEY (`SiteImageID`);

--
-- Indexes for table `site_settings`
--
ALTER TABLE `site_settings`
  ADD PRIMARY KEY (`SiteSettingID`);

--
-- Indexes for table `system_languages`
--
ALTER TABLE `system_languages`
  ADD PRIMARY KEY (`SystemLanguageID`);

--
-- Indexes for table `tools`
--
ALTER TABLE `tools`
  ADD PRIMARY KEY (`ToolID`);

--
-- Indexes for table `users`
--
ALTER TABLE `users`
  ADD PRIMARY KEY (`UserID`),
  ADD KEY `users_ibfk_1` (`RoleID`);

--
-- AUTO_INCREMENT for dumped tables
--

--
-- AUTO_INCREMENT for table `categories`
--
ALTER TABLE `categories`
  MODIFY `CategoryID` int(11) NOT NULL AUTO_INCREMENT, AUTO_INCREMENT=450;

--
-- AUTO_INCREMENT for table `categories_text`
--
ALTER TABLE `categories_text`
  MODIFY `CategoryTextID` int(11) NOT NULL AUTO_INCREMENT, AUTO_INCREMENT=101;

--
-- AUTO_INCREMENT for table `cities`
--
ALTER TABLE `cities`
  MODIFY `CityID` int(11) NOT NULL AUTO_INCREMENT;

--
-- AUTO_INCREMENT for table `cities_text`
--
ALTER TABLE `cities_text`
  MODIFY `CityTextID` int(11) NOT NULL AUTO_INCREMENT;

--
-- AUTO_INCREMENT for table `classes`
--
ALTER TABLE `classes`
  MODIFY `ClassID` int(11) NOT NULL AUTO_INCREMENT, AUTO_INCREMENT=3;

--
-- AUTO_INCREMENT for table `departments`
--
ALTER TABLE `departments`
  MODIFY `DepartmentID` int(11) NOT NULL AUTO_INCREMENT, AUTO_INCREMENT=3;

--
-- AUTO_INCREMENT for table `districts`
--
ALTER TABLE `districts`
  MODIFY `DistrictID` int(11) NOT NULL AUTO_INCREMENT, AUTO_INCREMENT=49956;

--
-- AUTO_INCREMENT for table `districts_text`
--
ALTER TABLE `districts_text`
  MODIFY `DistrictTextID` int(11) NOT NULL AUTO_INCREMENT, AUTO_INCREMENT=715;

--
-- AUTO_INCREMENT for table `domains`
--
ALTER TABLE `domains`
  MODIFY `DomainID` int(11) NOT NULL AUTO_INCREMENT, AUTO_INCREMENT=4;

--
-- AUTO_INCREMENT for table `email_templates`
--
ALTER TABLE `email_templates`
  MODIFY `Email_templateID` int(11) NOT NULL AUTO_INCREMENT, AUTO_INCREMENT=7;

--
-- AUTO_INCREMENT for table `email_templates_text`
--
ALTER TABLE `email_templates_text`
  MODIFY `Email_templateTextID` int(11) NOT NULL AUTO_INCREMENT, AUTO_INCREMENT=13;

--
-- AUTO_INCREMENT for table `faqs`
--
ALTER TABLE `faqs`
  MODIFY `FaqID` int(11) NOT NULL AUTO_INCREMENT;

--
-- AUTO_INCREMENT for table `faqs_text`
--
ALTER TABLE `faqs_text`
  MODIFY `FaqTextID` int(11) NOT NULL AUTO_INCREMENT;

--
-- AUTO_INCREMENT for table `feedbacks`
--
ALTER TABLE `feedbacks`
  MODIFY `FeedbackID` int(11) NOT NULL AUTO_INCREMENT;

--
-- AUTO_INCREMENT for table `functional_requirements`
--
ALTER TABLE `functional_requirements`
  MODIFY `Functional_requirementID` int(11) NOT NULL AUTO_INCREMENT;

--
-- AUTO_INCREMENT for table `fyps`
--
ALTER TABLE `fyps`
  MODIFY `FypID` int(11) NOT NULL AUTO_INCREMENT, AUTO_INCREMENT=2;

--
-- AUTO_INCREMENT for table `home_slides`
--
ALTER TABLE `home_slides`
  MODIFY `HomeSlideID` int(11) NOT NULL AUTO_INCREMENT, AUTO_INCREMENT=3;

--
-- AUTO_INCREMENT for table `home_slides_text`
--
ALTER TABLE `home_slides_text`
  MODIFY `HomeSlideTextID` int(11) NOT NULL AUTO_INCREMENT, AUTO_INCREMENT=5;

--
-- AUTO_INCREMENT for table `languages`
--
ALTER TABLE `languages`
  MODIFY `LanguageID` int(11) NOT NULL AUTO_INCREMENT;

--
-- AUTO_INCREMENT for table `modules`
--
ALTER TABLE `modules`
  MODIFY `ModuleID` int(11) NOT NULL AUTO_INCREMENT, AUTO_INCREMENT=80;

--
-- AUTO_INCREMENT for table `modules_rights`
--
ALTER TABLE `modules_rights`
  MODIFY `ModuleRightID` int(11) NOT NULL AUTO_INCREMENT, AUTO_INCREMENT=409;

--
-- AUTO_INCREMENT for table `modules_text`
--
ALTER TABLE `modules_text`
  MODIFY `ModuleTextID` int(11) NOT NULL AUTO_INCREMENT, AUTO_INCREMENT=69;

--
-- AUTO_INCREMENT for table `modules_users_rights`
--
ALTER TABLE `modules_users_rights`
  MODIFY `ModuleRightID` int(11) NOT NULL AUTO_INCREMENT, AUTO_INCREMENT=129275;

--
-- AUTO_INCREMENT for table `news`
--
ALTER TABLE `news`
  MODIFY `NewsID` int(11) NOT NULL AUTO_INCREMENT;

--
-- AUTO_INCREMENT for table `news_text`
--
ALTER TABLE `news_text`
  MODIFY `NewsTextID` int(11) NOT NULL AUTO_INCREMENT;

--
-- AUTO_INCREMENT for table `notifications`
--
ALTER TABLE `notifications`
  MODIFY `NotificationID` int(11) NOT NULL AUTO_INCREMENT, AUTO_INCREMENT=3;

--
-- AUTO_INCREMENT for table `pages`
--
ALTER TABLE `pages`
  MODIFY `PageID` int(11) NOT NULL AUTO_INCREMENT, AUTO_INCREMENT=10;

--
-- AUTO_INCREMENT for table `pages_text`
--
ALTER TABLE `pages_text`
  MODIFY `PageTextID` int(11) NOT NULL AUTO_INCREMENT, AUTO_INCREMENT=15;

--
-- AUTO_INCREMENT for table `programs`
--
ALTER TABLE `programs`
  MODIFY `ProgramID` int(11) NOT NULL AUTO_INCREMENT, AUTO_INCREMENT=3;

--
-- AUTO_INCREMENT for table `roles`
--
ALTER TABLE `roles`
  MODIFY `RoleID` int(11) NOT NULL AUTO_INCREMENT, AUTO_INCREMENT=5;

--
-- AUTO_INCREMENT for table `roles_text`
--
ALTER TABLE `roles_text`
  MODIFY `RoleTextID` int(11) NOT NULL AUTO_INCREMENT, AUTO_INCREMENT=15;

--
-- AUTO_INCREMENT for table `sessions`
--
ALTER TABLE `sessions`
  MODIFY `SessionID` int(11) NOT NULL AUTO_INCREMENT, AUTO_INCREMENT=3;

--
-- AUTO_INCREMENT for table `site_images`
--
ALTER TABLE `site_images`
  MODIFY `SiteImageID` int(11) NOT NULL AUTO_INCREMENT, AUTO_INCREMENT=3;

--
-- AUTO_INCREMENT for table `site_settings`
--
ALTER TABLE `site_settings`
  MODIFY `SiteSettingID` int(11) NOT NULL AUTO_INCREMENT, AUTO_INCREMENT=2;

--
-- AUTO_INCREMENT for table `system_languages`
--
ALTER TABLE `system_languages`
  MODIFY `SystemLanguageID` int(11) NOT NULL AUTO_INCREMENT, AUTO_INCREMENT=3;

--
-- AUTO_INCREMENT for table `tools`
--
ALTER TABLE `tools`
  MODIFY `ToolID` int(11) NOT NULL AUTO_INCREMENT;

--
-- AUTO_INCREMENT for table `users`
--
ALTER TABLE `users`
  MODIFY `UserID` int(11) NOT NULL AUTO_INCREMENT, AUTO_INCREMENT=6;

--
-- Constraints for dumped tables
--

--
-- Constraints for table `categories_text`
--
ALTER TABLE `categories_text`
  ADD CONSTRAINT `categories_text_CategoryID_fk` FOREIGN KEY (`CategoryID`) REFERENCES `categories` (`CategoryID`) ON DELETE CASCADE ON UPDATE CASCADE;

--
-- Constraints for table `cities_text`
--
ALTER TABLE `cities_text`
  ADD CONSTRAINT `FK_cities_text` FOREIGN KEY (`CityID`) REFERENCES `cities` (`CityID`);

--
-- Constraints for table `districts_text`
--
ALTER TABLE `districts_text`
  ADD CONSTRAINT `districts_text_ibfk_1` FOREIGN KEY (`DistrictID`) REFERENCES `districts` (`DistrictID`);

--
-- Constraints for table `email_templates_text`
--
ALTER TABLE `email_templates_text`
  ADD CONSTRAINT `email_templates_text_Email_templateID_fk` FOREIGN KEY (`Email_templateID`) REFERENCES `email_templates` (`Email_templateID`) ON DELETE CASCADE ON UPDATE CASCADE;

--
-- Constraints for table `faqs_text`
--
ALTER TABLE `faqs_text`
  ADD CONSTRAINT `faqs_text_FaqID_fk` FOREIGN KEY (`FaqID`) REFERENCES `faqs` (`FaqID`) ON DELETE CASCADE ON UPDATE CASCADE;

--
-- Constraints for table `modules_rights`
--
ALTER TABLE `modules_rights`
  ADD CONSTRAINT `fk_ModuleID` FOREIGN KEY (`ModuleID`) REFERENCES `modules` (`ModuleID`);

--
-- Constraints for table `modules_text`
--
ALTER TABLE `modules_text`
  ADD CONSTRAINT `modules_text_ibfk_1` FOREIGN KEY (`ModuleID`) REFERENCES `modules` (`ModuleID`);

--
-- Constraints for table `news_text`
--
ALTER TABLE `news_text`
  ADD CONSTRAINT `newses_text_NewsID_fk` FOREIGN KEY (`NewsID`) REFERENCES `news` (`NewsID`) ON DELETE CASCADE ON UPDATE CASCADE;

--
-- Constraints for table `pages_text`
--
ALTER TABLE `pages_text`
  ADD CONSTRAINT `pages_text_PageID_fk` FOREIGN KEY (`PageID`) REFERENCES `pages` (`PageID`) ON DELETE CASCADE ON UPDATE CASCADE;

--
-- Constraints for table `roles_text`
--
ALTER TABLE `roles_text`
  ADD CONSTRAINT `roles_text_ibfk_1` FOREIGN KEY (`RoleID`) REFERENCES `roles` (`RoleID`);

--
-- Constraints for table `users`
--
ALTER TABLE `users`
  ADD CONSTRAINT `users_ibfk_1` FOREIGN KEY (`RoleID`) REFERENCES `roles` (`RoleID`) ON UPDATE CASCADE;
